move_id,home_sqft,years_lived,num_rooms,num_floors,crew_size,total_items,total_volume_cuft,fragile_items,bulky_items,disassembly_items,specialty_items,avg_difficulty,hourly_rate_per_mover,base_trip_fee,actual_hours,actual_cost,created_at
1,1883,0.7,5,2,4,170,1108.5,8,15,5,0,1.306,81.69,128.95,2.79,1184.32,2026-01-08T19:39:13Z
2,1951,2.8,5,1,4,182,1199.0,6,16,4,0,1.297,66.11,45.78,3.05,1041.7,2026-01-08T19:39:13Z
3,2282,2.6,6,1,4,195,1225.5,12,17,5,0,1.287,50.71,22.86,2.83,746.76,2026-01-08T19:39:13Z
4,1722,2.9,4,1,4,164,1009.5,7,13,3,0,1.28,82.34,118.17,2.12,902.03,2026-01-08T19:39:13Z
5,1851,8.8,4,2,4,198,1264.5,5,16,6,1,1.308,78.16,135.18,2.66,1096.66,2026-01-08T19:39:13Z
6,1488,4.1,3,1,3,127,781.5,7,7,2,1,1.268,69.76,10.29,3.0,758.7,2026-01-08T19:39:13Z
7,2195,2.8,5,1,4,180,1007.0,12,13,3,1,1.294,79.56,36.5,3.04,1041.72,2026-01-08T19:39:13Z
8,1407,3.8,3,1,3,133,981.5,6,13,4,0,1.346,65.32,61.63,3.13,717.67,2026-01-08T19:39:13Z
9,1968,3.1,5,1,4,166,1110.0,10,16,4,0,1.337,83.18,11.26,2.76,965.96,2026-01-08T19:39:13Z
10,2299,9.3,6,2,4,209,1280.0,11,18,5,1,1.287,66.58,68.55,3.79,1283.44,2026-01-08T19:39:13Z
11,1811,6.2,4,4,5,162,1023.5,5,12,3,0,1.302,53.04,100.39,2.1,723.25,2026-01-08T19:39:13Z
12,1286,3.2,3,3,4,124,831.5,8,13,3,1,1.371,78.55,109.73,2.16,898.13,2026-01-08T19:39:13Z
13,1278,7.5,3,1,3,122,807.0,7,10,2,1,1.328,50.41,79.41,2.6,549.69,2026-01-08T19:39:13Z
14,564,14.0,2,1,3,118,686.5,7,7,2,1,1.297,71.88,89.07,2.45,748.86,2026-01-08T19:39:13Z
15,1073,1.8,2,2,3,103,709.5,8,6,2,0,1.427,84.44,36.59,2.3,677.8,2026-01-08T19:39:13Z
16,1714,4.8,4,1,4,167,1017.0,9,13,3,0,1.299,69.81,72.8,2.43,878.13,2026-01-08T19:39:13Z
17,1319,1.7,3,2,3,132,1000.5,8,15,4,0,1.386,52.31,104.8,3.13,660.55,2026-01-08T19:39:13Z
18,743,1.5,2,1,2,56,503.5,8,7,1,0,1.518,52.41,69.76,4.02,511.57,2026-01-08T19:39:13Z
19,1219,6.8,3,1,3,123,851.0,9,10,5,1,1.358,57.52,28.07,2.6,602.95,2026-01-08T19:39:13Z
20,654,7.9,1,1,3,99,568.5,6,4,2,0,1.333,63.71,149.14,3.22,763.06,2026-01-08T19:39:13Z
21,2997,0.8,8,1,4,228,1424.5,9,20,5,0,1.25,58.73,68.47,3.16,989.81,2026-01-08T19:39:13Z
22,1206,14.6,2,1,3,118,639.0,6,5,1,0,1.237,75.05,116.84,2.32,676.9,2026-01-08T19:39:13Z
23,1573,8.2,3,1,4,160,945.5,9,10,2,0,1.262,51.01,102.67,2.34,690.67,2026-01-08T19:39:13Z
24,941,4.9,2,2,2,74,563.5,11,8,3,1,1.446,75.09,108.23,3.68,803.6,2026-01-08T19:39:13Z
25,885,7.8,2,1,3,102,626.5,9,6,1,0,1.284,69.32,1.94,1.89,427.63,2026-01-08T19:39:13Z
26,2240,18.0,6,2,4,243,1515.0,7,18,6,0,1.267,55.8,77.12,3.87,950.28,2026-01-08T19:39:13Z
27,1496,2.5,4,2,3,131,889.5,7,13,3,0,1.305,74.38,14.66,3.2,829.56,2026-01-08T19:39:13Z
28,1139,2.6,3,1,3,117,794.0,9,11,2,1,1.41,58.05,47.36,3.55,760.66,2026-01-08T19:39:13Z
29,2931,6.2,7,1,4,229,1325.5,6,17,4,0,1.258,76.76,136.49,2.75,1092.48,2026-01-08T19:39:13Z
30,1223,11.1,3,1,3,126,827.5,9,10,4,1,1.341,75.24,98.74,3.01,859.93,2026-01-08T19:39:13Z
31,1672,4.6,4,1,3,135,882.0,6,10,3,0,1.281,67.58,33.12,3.86,966.82,2026-01-08T19:39:13Z
32,1402,5.3,3,1,3,136,890.0,7,12,3,0,1.36,68.33,20.29,2.76,710.84,2026-01-08T19:39:13Z
33,3323,3.9,7,1,5,266,1371.0,9,14,5,1,1.195,84.43,93.98,2.79,1485.45,2026-01-08T19:39:13Z
34,1397,7.5,4,1,3,136,911.5,8,13,4,0,1.338,70.68,117.65,2.62,830.17,2026-01-08T19:39:13Z
35,1477,12.8,4,1,4,176,1194.0,5,18,5,0,1.33,67.36,149.04,2.47,905.48,2026-01-08T19:39:13Z
36,1486,8.3,3,2,4,145,960.0,8,13,3,0,1.31,76.83,97.17,2.97,1111.19,2026-01-08T19:39:13Z
37,1037,0.9,3,2,2,89,636.5,7,9,1,0,1.36,68.31,61.8,3.15,567.51,2026-01-08T19:39:13Z
38,667,2.5,2,2,2,60,409.0,5,5,1,1,1.383,55.99,51.54,3.18,452.59,2026-01-08T19:39:13Z
39,2592,7.6,6,1,4,232,1282.5,5,16,4,0,1.224,59.96,52.7,3.27,1034.99,2026-01-08T19:39:13Z
40,834,10.6,2,1,3,101,655.5,8,7,2,0,1.366,69.29,113.45,1.97,561.08,2026-01-08T19:39:13Z
41,902,5.5,3,1,3,114,874.0,12,14,4,1,1.474,55.02,60.09,3.17,697.74,2026-01-08T19:39:13Z
42,2764,7.5,7,2,4,240,1457.0,8,20,5,0,1.242,78.23,49.39,3.78,1370.4,2026-01-08T19:39:13Z
43,1764,4.6,4,1,4,178,1170.0,11,13,4,0,1.258,51.59,38.05,4.2,943.93,2026-01-08T19:39:13Z
44,1405,4.4,3,1,3,123,779.5,11,9,1,0,1.366,76.48,121.65,2.49,709.27,2026-01-08T19:39:13Z
45,1827,16.6,4,1,4,188,1144.0,9,16,4,0,1.293,65.32,68.57,2.69,865.11,2026-01-08T19:39:13Z
46,882,7.8,2,1,3,96,625.0,8,7,1,1,1.333,77.1,108.98,2.17,672.14,2026-01-08T19:39:13Z
47,3192,4.4,7,2,5,263,1524.0,8,19,5,0,1.236,52.71,4.64,3.66,1114.86,2026-01-08T19:39:13Z
48,1959,4.2,4,1,4,159,995.5,5,13,4,0,1.283,77.14,22.11,2.4,945.08,2026-01-08T19:39:13Z
49,1261,18.0,3,1,3,139,851.5,8,8,3,0,1.295,78.16,47.55,2.94,771.95,2026-01-08T19:39:13Z
50,1141,8.5,3,1,3,131,787.0,8,8,3,0,1.298,75.81,43.19,2.33,648.49,2026-01-08T19:39:13Z
51,2571,5.4,6,1,4,229,1464.5,9,19,7,1,1.297,84.04,59.74,3.28,1385.18,2026-01-08T19:39:13Z
52,1606,10.8,4,1,4,174,1008.5,10,11,4,0,1.253,50.58,54.03,3.65,843.04,2026-01-08T19:39:13Z
53,700,5.3,2,1,2,59,496.0,6,7,2,0,1.492,82.8,111.69,3.16,710.81,2026-01-08T19:39:13Z
54,2469,6.5,6,1,4,230,1543.5,9,19,5,0,1.309,50.91,90.54,4.17,1029.06,2026-01-08T19:39:13Z
55,805,1.9,1,2,2,74,494.5,12,6,1,0,1.419,67.25,131.15,3.64,706.87,2026-01-08T19:39:13Z
56,1613,10.7,4,2,4,163,1044.0,5,14,3,0,1.27,59.82,52.65,2.57,760.36,2026-01-08T19:39:13Z
57,1446,12.4,4,1,4,142,940.0,11,12,3,0,1.303,59.41,87.25,2.61,806.66,2026-01-08T19:39:13Z
58,995,3.0,3,1,2,89,750.0,6,11,3,0,1.494,78.61,52.26,3.17,576.37,2026-01-08T19:39:13Z
59,877,0.2,2,1,2,68,555.5,8,8,2,1,1.5,62.78,11.85,3.65,611.66,2026-01-08T19:39:13Z
60,2338,2.2,6,2,4,197,1226.5,7,16,4,1,1.279,51.1,90.16,3.0,788.11,2026-01-08T19:39:13Z
61,1381,21.8,4,2,4,181,1200.0,6,18,5,1,1.32,65.31,94.33,3.57,1147.83,2026-01-08T19:39:13Z
62,2044,4.5,5,2,4,177,1115.0,10,14,3,0,1.288,63.77,104.47,2.76,951.12,2026-01-08T19:39:13Z
63,1512,16.2,3,1,4,164,816.5,11,6,3,0,1.189,53.29,45.69,2.63,668.82,2026-01-08T19:39:13Z
64,2113,17.3,5,2,4,199,1208.0,7,12,4,0,1.256,67.25,100.15,2.58,734.68,2026-01-08T19:39:13Z
65,1399,9.7,3,1,3,137,952.5,8,13,3,1,1.38,79.86,139.77,3.3,967.8,2026-01-08T19:39:13Z
66,739,9.7,2,1,2,90,543.5,8,5,2,0,1.3,51.89,135.06,2.99,452.84,2026-01-08T19:39:13Z
67,2039,8.0,4,3,5,182,1140.0,10,14,4,0,1.291,65.95,112.23,3.36,1350.78,2026-01-08T19:39:13Z
68,2108,4.2,5,1,4,194,1250.5,6,16,5,0,1.258,56.3,45.02,2.42,683.86,2026-01-08T19:39:13Z
69,1137,3.6,3,1,3,107,746.5,6,10,2,0,1.327,66.5,43.69,2.59,694.19,2026-01-08T19:39:13Z
70,1716,5.8,4,1,4,184,1122.5,8,13,4,0,1.272,65.24,52.23,2.62,745.23,2026-01-08T19:39:13Z
71,610,4.4,2,1,2,47,481.0,10,8,3,1,1.702,72.31,9.35,2.19,472.73,2026-01-08T19:39:13Z
72,3153,19.0,8,1,5,290,1545.5,6,18,5,0,1.186,75.64,78.53,3.88,1439.99,2026-01-08T19:39:13Z
73,1519,1.4,4,2,3,139,934.5,7,13,3,0,1.36,75.63,141.82,2.91,840.31,2026-01-08T19:39:13Z
74,1733,5.6,4,2,4,171,1064.5,10,14,4,0,1.287,69.32,13.7,3.56,1106.75,2026-01-08T19:39:13Z
75,1063,1.2,3,1,2,82,618.0,7,8,3,0,1.488,63.77,62.57,3.14,524.9,2026-01-08T19:39:13Z
76,3023,4.2,8,1,5,245,1431.0,11,19,6,0,1.216,67.41,45.91,3.39,1334.89,2026-01-08T19:39:13Z
77,1852,3.9,5,1,4,185,1226.5,7,17,5,0,1.281,55.31,66.51,2.26,619.09,2026-01-08T19:39:13Z
78,519,1.9,1,1,2,50,447.5,7,6,3,1,1.68,67.32,88.66,2.68,531.13,2026-01-08T19:39:13Z
79,1943,1.7,5,2,4,169,1122.0,14,13,4,0,1.367,71.14,108.02,3.42,1145.38,2026-01-08T19:39:13Z
80,1702,7.1,4,1,4,149,991.5,12,13,3,0,1.396,73.22,48.08,3.06,1063.26,2026-01-08T19:39:13Z
81,1649,7.1,4,1,4,163,1092.5,10,13,5,1,1.356,68.5,83.53,3.23,1238.46,2026-01-08T19:39:13Z
82,739,9.4,2,1,3,113,734.0,9,9,2,2,1.336,81.56,30.45,2.82,826.32,2026-01-08T19:39:13Z
83,985,2.8,3,1,3,112,868.5,5,13,4,1,1.429,78.38,120.93,2.26,788.98,2026-01-08T19:39:13Z
84,1369,2.2,4,1,3,140,1074.0,7,18,4,0,1.386,65.15,142.1,2.4,691.68,2026-01-08T19:39:13Z
85,1004,3.9,2,3,4,102,682.5,9,7,2,0,1.392,83.46,18.59,1.83,718.06,2026-01-08T19:39:13Z
86,1361,3.8,3,2,3,113,690.0,9,9,1,0,1.336,76.39,138.12,2.46,748.27,2026-01-08T19:39:13Z
87,1559,7.5,4,1,4,148,905.0,12,10,2,0,1.351,81.33,28.25,2.53,1017.89,2026-01-08T19:39:13Z
88,1605,19.3,4,1,4,191,1179.5,11,15,5,1,1.314,77.32,4.15,2.2,880.44,2026-01-08T19:39:13Z
89,1957,7.7,4,1,4,183,1103.5,8,14,3,0,1.246,79.34,90.98,2.11,759.02,2026-01-08T19:39:13Z
90,1799,9.8,4,1,4,185,1081.5,8,13,5,1,1.286,66.11,93.27,2.32,908.35,2026-01-08T19:39:13Z
91,1223,1.1,3,1,3,116,761.0,8,9,3,1,1.388,52.87,119.43,2.69,714.36,2026-01-08T19:39:13Z
92,1582,1.6,4,4,5,149,1052.0,8,15,4,0,1.369,64.26,94.06,2.65,1039.26,2026-01-08T19:39:13Z
93,2271,5.7,6,1,4,201,1229.0,9,16,4,0,1.303,60.4,82.86,3.67,1001.68,2026-01-08T19:39:13Z
94,2160,1.0,5,1,4,200,1157.5,6,13,4,0,1.25,84.16,66.19,3.86,1504.63,2026-01-08T19:39:13Z
95,952,10.9,2,3,3,81,569.5,7,6,2,0,1.37,73.12,32.34,3.22,750.71,2026-01-08T19:39:13Z
96,2412,5.3,6,2,4,200,1171.5,4,18,3,0,1.23,83.57,136.71,3.07,1151.12,2026-01-08T19:39:13Z
97,599,1.5,1,1,2,43,356.5,5,5,2,0,1.535,64.17,48.45,2.06,360.6,2026-01-08T19:39:13Z
98,2474,10.5,6,1,4,244,1422.5,6,18,4,0,1.234,55.13,99.14,3.59,878.57,2026-01-08T19:39:13Z
99,850,6.7,2,3,4,99,655.5,8,6,3,0,1.394,62.53,139.59,2.49,861.0,2026-01-08T19:39:13Z
100,1417,5.6,3,4,5,162,1090.5,6,14,5,0,1.302,81.95,104.29,1.77,947.14,2026-01-08T19:39:13Z
101,1488,4.3,3,1,4,144,871.5,6,9,2,0,1.271,68.36,35.72,3.09,809.8,2026-01-08T19:39:13Z
102,700,16.1,1,3,4,106,533.5,9,5,1,0,1.264,56.05,81.5,1.54,450.36,2026-01-08T19:39:13Z
103,2346,20.9,5,2,4,237,1192.5,8,11,3,0,1.19,53.52,42.67,3.52,879.76,2026-01-08T19:39:13Z
104,1852,16.8,5,1,4,171,991.5,7,12,3,0,1.275,51.77,88.28,2.78,632.9,2026-01-08T19:39:13Z
105,1945,16.5,5,1,4,210,1298.0,5,17,5,0,1.262,77.63,33.3,3.03,969.87,2026-01-08T19:39:13Z
106,1600,7.8,4,1,4,160,1068.5,10,14,4,0,1.344,61.9,133.87,2.23,833.91,2026-01-08T19:39:13Z
107,1737,12.6,4,2,4,177,1048.5,8,12,4,0,1.271,58.89,137.52,2.77,911.41,2026-01-08T19:39:13Z
108,1463,20.5,3,2,4,173,1051.5,5,12,4,0,1.26,72.23,17.75,2.27,721.11,2026-01-08T19:39:13Z
109,1653,9.3,3,1,4,174,1227.0,8,15,5,0,1.305,54.6,38.56,2.36,719.08,2026-01-08T19:39:13Z
110,1438,10.7,3,1,4,157,1016.5,8,12,4,1,1.35,83.94,115.93,3.21,1285.63,2026-01-08T19:39:13Z
111,530,21.0,2,2,2,90,540.0,6,6,2,1,1.322,63.74,32.99,3.53,635.5,2026-01-08T19:39:13Z
112,1218,9.2,3,2,4,157,873.5,12,9,2,0,1.28,81.61,14.39,2.21,803.69,2026-01-08T19:39:13Z
113,1669,11.6,4,1,4,180,1032.5,13,11,2,0,1.294,59.3,57.72,2.39,716.33,2026-01-08T19:39:13Z
114,3370,7.3,9,2,5,283,1745.0,5,25,6,0,1.269,69.15,53.66,3.61,1485.66,2026-01-08T19:39:13Z
115,1053,2.1,2,1,2,85,558.0,10,5,2,1,1.435,62.36,104.85,2.96,563.09,2026-01-08T19:39:13Z
116,2125,7.9,5,2,4,188,1078.5,5,13,4,0,1.223,71.33,42.05,3.58,1258.2,2026-01-08T19:39:13Z
117,1399,2.5,4,2,4,145,1085.0,10,16,5,0,1.352,70.94,52.88,2.81,866.9,2026-01-08T19:39:13Z
118,1171,4.2,3,1,3,117,831.5,7,11,3,0,1.299,59.54,80.16,2.74,615.96,2026-01-08T19:39:13Z
119,2460,9.9,5,2,4,223,1237.5,3,14,4,0,1.215,50.79,40.22,4.06,821.51,2026-01-08T19:39:13Z
120,1436,19.8,4,1,4,174,1018.0,5,12,4,0,1.236,75.94,59.16,2.74,947.93,2026-01-08T19:39:13Z
121,1926,1.3,5,2,4,166,1215.0,8,18,5,0,1.343,81.14,49.29,2.55,952.31,2026-01-08T19:39:13Z
122,1634,2.1,4,1,4,142,1110.0,7,15,5,0,1.366,62.14,131.58,2.28,790.1,2026-01-08T19:39:13Z
123,870,3.6,2,1,2,83,620.0,7,8,3,0,1.386,65.87,133.24,3.2,725.45,2026-01-08T19:39:13Z
124,2314,12.8,6,2,4,221,1262.0,10,15,5,0,1.258,59.99,91.0,2.76,904.67,2026-01-08T19:39:13Z
125,1666,4.9,4,4,5,151,942.0,12,9,4,0,1.331,80.21,64.79,2.2,1045.4,2026-01-08T19:39:13Z
126,745,2.1,2,2,2,86,597.5,11,7,2,0,1.43,56.22,21.65,3.9,506.55,2026-01-08T19:39:13Z
127,1485,17.9,3,1,4,154,998.0,7,11,3,1,1.325,74.15,112.13,2.55,912.61,2026-01-08T19:39:13Z
128,1912,4.9,5,1,4,172,1159.5,9,16,5,0,1.285,70.48,63.67,2.14,765.81,2026-01-08T19:39:13Z
129,2956,3.9,7,3,5,261,1600.0,6,21,6,0,1.253,51.67,146.24,3.78,1141.07,2026-01-08T19:39:13Z
130,929,5.1,2,1,2,94,664.0,10,7,2,0,1.415,58.5,74.46,3.73,554.96,2026-01-08T19:39:13Z
131,1078,5.7,2,3,3,94,652.5,8,8,1,0,1.372,83.6,41.24,3.06,879.06,2026-01-08T19:39:13Z
132,1603,12.6,4,1,4,164,1072.0,11,14,4,0,1.299,80.88,43.05,2.61,1010.46,2026-01-08T19:39:13Z
133,1116,16.7,2,1,3,137,716.0,12,6,2,0,1.263,63.99,111.28,2.21,536.95,2026-01-08T19:39:13Z
134,1284,0.7,3,2,4,143,831.0,9,6,3,0,1.28,72.46,70.04,2.19,826.6,2026-01-08T19:39:13Z
135,1209,1.4,3,1,3,93,642.5,7,9,2,1,1.409,64.11,69.54,2.1,584.2,2026-01-08T19:39:13Z
136,1428,7.3,3,1,3,113,799.5,6,9,4,0,1.354,82.04,85.26,3.23,914.58,2026-01-08T19:39:13Z
137,3089,12.3,7,4,5,269,1633.5,8,23,5,0,1.268,63.45,110.98,4.03,1463.22,2026-01-08T19:39:13Z
138,1570,6.8,4,1,4,171,1063.0,10,14,5,0,1.287,51.72,27.86,3.51,852.94,2026-01-08T19:39:13Z
139,1156,11.2,3,1,3,133,799.5,6,8,3,0,1.248,78.17,99.35,2.89,763.73,2026-01-08T19:39:13Z
140,2325,4.8,5,1,4,208,1200.0,5,14,4,0,1.212,61.78,22.93,2.35,681.05,2026-01-08T19:39:13Z
141,1198,2.8,2,1,3,113,653.5,10,6,2,0,1.319,84.32,132.59,2.78,898.71,2026-01-08T19:39:13Z
142,1741,0.9,4,2,4,167,1143.0,8,14,5,0,1.311,62.5,76.86,3.06,846.37,2026-01-08T19:39:13Z
143,1189,3.6,3,1,4,142,925.5,14,11,3,1,1.38,57.31,65.66,1.8,574.95,2026-01-08T19:39:13Z
144,1451,4.3,4,1,3,137,855.5,6,11,4,1,1.314,72.65,141.36,2.74,883.18,2026-01-08T19:39:13Z
145,2692,0.6,6,2,4,231,1350.5,6,18,4,1,1.208,67.7,99.74,4.32,1438.55,2026-01-08T19:39:13Z
146,1889,9.9,4,2,4,181,1107.0,6,14,4,0,1.276,67.73,147.3,2.42,912.37,2026-01-08T19:39:13Z
147,1793,1.8,4,1,4,176,1068.5,7,14,3,0,1.25,55.36,91.16,2.43,680.25,2026-01-08T19:39:13Z
148,772,1.1,2,2,2,69,490.0,4,6,1,1,1.348,81.67,103.52,2.68,587.95,2026-01-08T19:39:13Z
149,1797,5.3,4,1,4,169,1011.0,8,13,4,0,1.296,61.93,31.55,3.05,845.76,2026-01-08T19:39:13Z
150,863,3.4,2,1,2,93,704.0,8,10,2,0,1.441,65.85,102.1,3.12,555.79,2026-01-08T19:39:13Z
151,2879,3.1,6,1,4,217,1287.0,10,18,4,0,1.244,78.13,70.07,3.19,1212.22,2026-01-08T19:39:13Z
152,1664,7.0,4,2,4,189,1185.5,12,14,4,0,1.296,50.45,136.06,3.16,822.84,2026-01-08T19:39:13Z
153,740,26.9,1,1,4,147,699.0,6,5,2,0,1.184,80.36,52.64,1.9,756.23,2026-01-08T19:39:13Z
154,813,1.8,1,2,2,79,416.0,7,5,1,0,1.241,63.33,64.37,3.1,496.99,2026-01-08T19:39:13Z
155,1692,6.5,4,1,4,171,1213.0,9,16,5,0,1.327,76.15,114.16,2.45,952.01,2026-01-08T19:39:13Z
156,2162,0.8,6,2,4,181,1186.0,6,17,4,0,1.298,58.26,4.73,2.64,678.62,2026-01-08T19:39:13Z
157,1694,2.7,4,1,4,147,930.5,10,13,3,0,1.327,66.89,8.65,2.07,612.49,2026-01-08T19:39:13Z
158,765,11.1,1,1,3,98,575.5,7,6,1,1,1.296,66.67,24.5,2.23,541.69,2026-01-08T19:39:13Z
159,1342,3.6,3,2,4,150,954.0,10,10,4,0,1.32,74.73,134.59,2.17,811.29,2026-01-08T19:39:13Z
160,2392,2.0,6,2,4,192,1138.0,7,16,3,0,1.266,60.52,4.99,2.95,829.77,2026-01-08T19:39:13Z
161,940,1.2,2,2,3,104,729.5,8,10,3,0,1.346,58.88,123.87,2.62,722.38,2026-01-08T19:39:13Z
162,1151,4.6,2,2,3,111,698.0,9,7,1,0,1.279,82.01,10.06,2.43,608.07,2026-01-08T19:39:13Z
163,733,1.3,2,1,2,78,640.0,15,8,3,0,1.551,53.87,69.11,4.43,622.75,2026-01-08T19:39:13Z
164,1670,2.9,3,2,3,138,910.0,9,10,3,0,1.29,69.48,140.89,4.08,1150.93,2026-01-08T19:39:13Z
165,972,4.2,3,1,3,101,702.0,8,9,2,0,1.337,70.6,132.41,2.08,661.79,2026-01-08T19:39:13Z
166,1108,1.2,2,2,3,97,693.5,7,9,3,1,1.392,56.43,125.26,2.4,683.34,2026-01-08T19:39:13Z
167,1408,11.6,4,1,4,159,975.5,7,13,3,0,1.245,71.44,134.64,2.72,806.94,2026-01-08T19:39:13Z
168,2010,3.7,5,1,4,185,1205.5,9,17,4,0,1.286,79.52,84.11,2.57,1052.32,2026-01-08T19:39:13Z
169,990,14.7,2,3,4,127,825.0,11,10,3,0,1.378,55.66,126.74,2.12,618.76,2026-01-08T19:39:13Z
170,1179,5.1,2,1,2,84,503.0,3,5,1,0,1.298,80.0,104.89,2.7,559.95,2026-01-08T19:39:13Z
171,1067,4.1,3,1,3,130,837.0,8,9,3,0,1.292,57.8,70.27,3.64,798.15,2026-01-08T19:39:13Z
172,2178,5.3,6,2,4,198,1163.0,6,14,3,0,1.278,66.92,19.84,2.48,676.98,2026-01-08T19:39:13Z
173,1835,20.7,4,2,4,199,1240.0,9,14,5,1,1.322,65.15,142.55,3.47,1214.58,2026-01-08T19:39:13Z
174,1736,8.0,4,1,4,163,1021.5,9,13,3,0,1.313,64.27,76.24,2.71,907.06,2026-01-08T19:39:13Z
175,2044,5.0,5,2,4,151,1018.5,8,16,3,0,1.331,55.43,116.7,3.98,1043.16,2026-01-08T19:39:13Z
176,1016,3.2,2,1,2,95,602.0,8,7,1,0,1.295,76.45,77.35,3.66,677.76,2026-01-08T19:39:13Z
177,894,16.9,2,3,4,117,623.5,12,6,1,0,1.282,65.48,86.06,2.32,738.12,2026-01-08T19:39:13Z
178,3270,3.6,8,1,5,247,1463.0,10,20,5,0,1.271,59.03,102.57,2.61,892.09,2026-01-08T19:39:13Z
179,1213,11.2,3,1,4,154,991.0,8,12,4,1,1.325,54.71,36.09,1.96,657.52,2026-01-08T19:39:13Z
180,1652,0.2,4,2,4,155,1064.5,5,15,3,0,1.31,76.55,70.16,2.76,1075.46,2026-01-08T19:39:13Z
181,3046,5.2,7,1,5,246,1540.5,7,21,6,0,1.289,72.72,98.43,3.56,1429.6,2026-01-08T19:39:13Z
182,1241,5.0,2,1,3,116,816.0,14,9,2,2,1.448,51.86,43.67,2.46,609.83,2026-01-08T19:39:13Z
183,1442,5.0,4,1,3,127,925.0,6,14,4,1,1.394,51.78,15.92,3.61,655.09,2026-01-08T19:39:13Z
184,2092,4.2,5,3,5,186,1192.0,8,16,5,0,1.296,65.61,141.41,2.75,1090.91,2026-01-08T19:39:13Z
185,1464,7.9,3,1,4,150,954.5,8,13,3,0,1.28,76.41,25.14,2.85,953.25,2026-01-08T19:39:13Z
186,1096,5.1,2,2,2,87,582.0,13,6,1,0,1.402,63.99,96.74,2.97,462.72,2026-01-08T19:39:13Z
187,1139,4.6,3,1,3,127,882.5,10,11,4,0,1.409,61.19,9.01,2.8,624.02,2026-01-08T19:39:13Z
188,1941,5.6,4,1,4,179,964.5,8,11,2,0,1.263,71.16,129.19,3.33,1107.17,2026-01-08T19:39:13Z
189,955,5.5,2,1,3,104,640.5,12,6,1,1,1.346,55.82,112.28,2.57,671.05,2026-01-08T19:39:13Z
190,1312,8.2,3,2,4,142,928.0,10,12,3,0,1.324,50.45,83.43,2.65,689.16,2026-01-08T19:39:13Z
191,2874,2.0,7,1,5,258,1639.0,11,22,6,0,1.287,54.53,79.92,2.94,950.43,2026-01-08T19:39:13Z
192,2218,2.1,5,2,4,196,1245.0,7,19,5,1,1.281,65.08,108.0,4.03,1303.55,2026-01-08T19:39:13Z
193,2094,11.2,5,1,4,214,1270.5,7,17,4,0,1.252,53.55,63.38,2.94,807.97,2026-01-08T19:39:13Z
194,1095,2.1,2,3,4,111,679.5,13,6,1,0,1.351,81.91,5.21,2.2,666.36,2026-01-08T19:39:13Z
195,2382,9.6,6,1,4,210,1254.5,5,14,5,0,1.271,56.53,144.33,2.63,916.17,2026-01-08T19:39:13Z
196,1488,5.6,3,1,4,157,885.0,5,9,2,0,1.255,62.33,34.74,2.8,781.59,2026-01-08T19:39:13Z
197,1047,3.2,2,2,2,92,600.0,11,7,1,0,1.413,78.01,57.67,5.14,945.89,2026-01-08T19:39:13Z
198,2375,15.6,6,1,4,213,1331.5,7,15,6,0,1.272,66.65,95.08,3.23,1212.91,2026-01-08T19:39:13Z
199,1085,2.7,2,1,3,100,578.5,9,7,1,0,1.29,83.19,149.08,2.85,953.92,2026-01-08T19:39:13Z
200,1928,21.5,4,4,5,203,1259.5,8,13,5,0,1.227,65.08,39.53,3.51,1207.13,2026-01-08T19:39:13Z
201,2112,0.6,6,4,5,170,1133.0,6,17,4,0,1.306,69.92,105.47,2.61,1090.52,2026-01-08T19:39:13Z
202,1297,5.2,3,1,4,156,1050.5,8,14,3,0,1.321,70.95,50.06,2.5,766.41,2026-01-08T19:39:13Z
203,946,0.6,2,3,3,87,549.5,10,7,1,0,1.356,80.48,62.79,2.29,635.44,2026-01-08T19:39:13Z
204,1490,3.6,4,1,4,144,1030.5,7,15,4,0,1.326,50.92,90.95,2.93,696.17,2026-01-08T19:39:13Z
205,2836,2.9,6,1,4,204,1155.0,7,13,4,0,1.221,57.97,138.41,2.97,869.81,2026-01-08T19:39:13Z
206,2301,10.7,5,2,4,200,1095.5,4,11,6,1,1.21,76.86,133.08,2.5,1136.2,2026-01-08T19:39:13Z
207,1144,2.5,2,1,3,118,722.5,9,7,2,0,1.297,50.12,71.92,2.18,487.75,2026-01-08T19:39:13Z
208,2733,8.8,6,2,4,235,1357.5,10,17,5,0,1.243,71.92,119.3,3.7,1253.37,2026-01-08T19:39:13Z
209,1326,5.8,3,1,3,130,803.0,9,8,2,0,1.277,70.07,39.17,2.4,605.01,2026-01-08T19:39:13Z
210,1535,3.5,4,1,3,139,848.0,10,10,4,0,1.281,70.56,5.09,2.84,671.2,2026-01-08T19:39:13Z
211,1462,0.4,4,1,3,117,779.5,6,10,3,0,1.342,75.15,24.29,2.79,639.03,2026-01-08T19:39:13Z
212,1975,4.1,5,3,5,186,1227.5,9,17,4,0,1.366,80.44,128.75,2.7,1363.74,2026-01-08T19:39:13Z
213,2667,1.8,7,2,4,199,1375.5,6,21,5,0,1.327,79.21,78.62,3.91,1523.3,2026-01-08T19:39:13Z
214,923,6.9,3,1,3,99,837.0,10,13,3,1,1.434,53.11,104.44,2.55,640.53,2026-01-08T19:39:13Z
215,3464,14.4,8,2,5,303,1688.0,8,23,6,1,1.201,82.06,28.25,3.82,1751.93,2026-01-08T19:39:13Z
216,545,7.4,1,3,3,67,477.0,6,6,2,1,1.463,54.48,13.89,2.72,636.83,2026-01-08T19:39:13Z
217,1193,4.2,3,1,3,117,807.0,8,11,4,0,1.368,67.58,82.33,2.55,679.13,2026-01-08T19:39:13Z
218,2014,7.9,5,4,5,171,1107.0,9,16,4,1,1.31,65.61,16.62,2.61,971.59,2026-01-08T19:39:13Z
219,2305,14.9,6,1,4,221,1343.0,6,18,5,1,1.267,55.53,127.81,3.86,1078.4,2026-01-08T19:39:13Z
220,1200,1.2,2,1,3,111,782.0,9,10,2,0,1.405,50.93,121.35,2.52,544.1,2026-01-08T19:39:13Z
221,1786,4.9,4,2,4,177,1118.5,9,13,5,1,1.311,55.97,49.64,3.86,1095.48,2026-01-08T19:39:13Z
222,1232,5.4,2,1,3,101,574.0,11,6,2,0,1.317,82.88,117.47,2.55,746.25,2026-01-08T19:39:13Z
223,1512,4.3,3,1,4,150,1040.0,8,14,4,0,1.373,67.34,40.48,2.48,794.1,2026-01-08T19:39:13Z
224,1165,4.9,3,1,3,125,1018.5,7,16,4,1,1.424,64.7,22.49,2.98,774.66,2026-01-08T19:39:13Z
225,1068,4.9,3,1,3,114,889.0,10,14,4,0,1.412,65.96,10.06,2.87,633.95,2026-01-08T19:39:13Z
226,1296,3.5,3,1,3,110,791.0,7,9,2,0,1.391,55.74,2.62,2.43,462.65,2026-01-08T19:39:13Z
227,1900,2.9,5,1,4,177,1141.0,9,17,6,1,1.294,61.4,33.37,2.98,937.09,2026-01-08T19:39:13Z
228,2335,6.1,5,2,4,202,1295.0,8,17,4,0,1.307,81.17,52.07,3.29,1203.36,2026-01-08T19:39:13Z
229,1125,2.7,3,1,3,99,802.0,8,13,4,1,1.545,75.59,116.12,2.01,696.65,2026-01-08T19:39:13Z
230,2267,14.7,5,1,4,204,1195.5,7,14,5,0,1.24,56.75,77.51,2.64,741.74,2026-01-08T19:39:13Z
231,1101,8.4,3,2,3,126,953.0,8,14,4,0,1.365,63.55,75.95,2.76,698.62,2026-01-08T19:39:13Z
232,1261,6.6,4,1,4,143,1010.0,9,15,3,0,1.357,84.67,132.2,2.82,1150.09,2026-01-08T19:39:13Z
233,1746,10.0,4,2,4,173,1026.0,11,12,3,0,1.312,63.88,102.49,3.33,1056.26,2026-01-08T19:39:13Z
234,2025,3.2,5,1,4,168,1032.0,7,14,2,0,1.274,79.41,101.3,2.19,741.14,2026-01-08T19:39:13Z
235,1547,6.4,3,1,3,139,956.0,5,13,5,0,1.317,61.59,103.21,3.37,783.92,2026-01-08T19:39:13Z
236,1715,4.4,4,1,4,158,1158.0,11,17,6,0,1.411,73.3,1.36,2.61,880.78,2026-01-08T19:39:13Z
237,2047,7.4,5,1,4,186,1394.0,10,19,7,1,1.409,65.25,148.15,2.62,947.58,2026-01-08T19:39:13Z
238,997,2.9,3,1,3,131,998.5,9,14,5,0,1.389,62.44,88.12,2.97,755.06,2026-01-08T19:39:13Z
239,1505,0.6,3,1,3,114,678.0,8,7,2,0,1.289,70.58,70.33,2.67,694.69,2026-01-08T19:39:13Z
240,1626,3.2,3,1,4,146,755.0,9,6,2,1,1.24,61.39,67.13,2.21,696.84,2026-01-08T19:39:13Z
241,1102,5.8,3,1,3,108,693.0,11,9,1,1,1.37,83.9,133.13,2.63,1035.48,2026-01-08T19:39:13Z
242,2697,1.7,7,1,4,232,1491.5,8,22,6,0,1.289,81.05,14.38,3.87,1238.5,2026-01-08T19:39:13Z
243,555,4.7,1,1,2,44,305.5,9,5,1,0,1.386,83.54,63.94,2.21,416.9,2026-01-08T19:39:13Z
244,2227,4.1,5,1,4,162,980.5,9,13,2,1,1.333,52.23,12.86,3.02,762.17,2026-01-08T19:39:13Z
245,1501,7.6,4,1,4,156,1004.0,12,12,4,0,1.359,80.45,30.87,2.78,1012.83,2026-01-08T19:39:13Z
246,2964,10.0,7,4,5,254,1514.5,9,21,5,0,1.252,83.63,117.73,3.31,1544.49,2026-01-08T19:39:13Z
247,787,7.3,1,2,3,101,599.5,10,7,1,1,1.317,72.82,34.85,2.82,753.69,2026-01-08T19:39:13Z
248,2790,10.6,7,1,4,249,1456.0,11,16,5,0,1.261,76.57,37.69,3.27,1050.92,2026-01-08T19:39:13Z
249,1261,11.4,3,1,4,141,876.0,7,9,3,0,1.255,73.42,71.01,2.38,957.47,2026-01-08T19:39:13Z
250,1961,2.8,5,1,4,169,1202.0,6,13,6,1,1.349,80.6,71.23,3.21,1127.61,2026-01-08T19:39:13Z
251,954,13.0,3,1,3,111,757.0,13,9,2,1,1.405,80.62,14.66,3.66,1048.58,2026-01-08T19:39:13Z
252,1028,2.3,3,1,3,101,838.5,5,13,3,0,1.446,61.41,7.0,1.86,388.14,2026-01-08T19:39:13Z
253,1201,3.6,3,1,3,131,952.5,4,13,4,1,1.351,51.34,53.65,2.86,617.52,2026-01-08T19:39:13Z
254,782,4.8,2,1,2,86,630.5,9,8,2,0,1.372,59.96,70.12,2.62,471.0,2026-01-08T19:39:13Z
255,1820,1.1,4,1,4,162,1107.5,12,13,4,1,1.346,58.42,33.3,2.89,759.85,2026-01-08T19:39:13Z
256,1150,8.8,3,1,3,134,853.5,12,10,3,0,1.328,72.4,132.62,2.83,864.26,2026-01-08T19:39:13Z
257,1552,22.4,4,2,4,193,1162.5,6,14,3,0,1.254,73.76,60.6,3.5,1284.9,2026-01-08T19:39:13Z
258,2338,1.6,6,1,4,185,1232.0,5,18,4,0,1.297,57.61,69.66,3.7,979.23,2026-01-08T19:39:13Z
259,3046,8.0,7,3,5,256,1558.0,7,22,6,1,1.25,74.6,95.47,3.62,1739.79,2026-01-08T19:39:13Z
260,2415,16.3,6,1,4,220,1361.0,11,18,5,0,1.255,71.38,95.05,3.55,1078.5,2026-01-08T19:39:13Z
261,1537,3.3,4,2,4,159,1041.5,4,14,4,0,1.283,52.63,26.38,2.0,552.47,2026-01-08T19:39:13Z
262,1122,8.8,2,2,3,129,720.0,6,6,3,0,1.233,76.57,4.94,3.07,785.52,2026-01-08T19:39:13Z
263,2329,5.5,6,1,4,217,1261.0,6,16,4,1,1.29,51.05,34.11,4.49,1087.04,2026-01-08T19:39:13Z
264,1222,4.5,3,2,3,122,961.5,5,14,4,0,1.41,83.77,87.05,2.95,1079.53,2026-01-08T19:39:13Z
265,994,5.6,3,1,3,110,674.0,6,7,3,0,1.264,53.0,94.96,2.7,495.39,2026-01-08T19:39:13Z
266,2327,8.1,5,2,4,226,1268.5,11,15,4,1,1.252,52.96,105.56,3.42,974.29,2026-01-08T19:39:13Z
267,805,13.2,1,4,4,96,506.0,3,4,2,0,1.26,81.22,82.34,1.94,833.39,2026-01-08T19:39:13Z
268,1278,4.9,3,3,4,128,836.0,7,10,2,1,1.297,79.75,48.53,2.52,895.08,2026-01-08T19:39:13Z
269,2394,7.7,6,1,4,204,1257.0,11,17,4,0,1.299,81.39,137.68,4.05,1545.75,2026-01-08T19:39:13Z
270,601,19.6,1,1,3,101,534.5,7,5,1,0,1.267,80.22,120.92,2.43,679.0,2026-01-08T19:39:13Z
271,1899,6.0,5,2,4,186,1108.5,8,14,3,0,1.247,81.81,97.91,2.99,1137.34,2026-01-08T19:39:13Z
272,775,1.2,2,1,2,83,630.5,10,10,3,0,1.458,53.67,14.25,3.08,408.03,2026-01-08T19:39:13Z
273,753,4.1,2,1,2,75,524.0,7,6,1,0,1.387,69.37,146.01,3.58,726.74,2026-01-08T19:39:13Z
274,536,5.1,2,1,2,41,448.0,4,8,3,0,1.659,56.7,69.99,1.93,355.48,2026-01-08T19:39:13Z
275,3091,4.1,7,1,5,230,1380.0,10,17,4,0,1.252,54.71,71.22,2.73,942.8,2026-01-08T19:39:13Z
276,1577,1.7,4,1,4,161,1035.5,11,12,4,0,1.348,65.0,84.95,3.01,927.36,2026-01-08T19:39:13Z
277,1856,5.5,5,2,4,170,1054.5,8,13,3,0,1.288,54.14,104.87,3.92,970.81,2026-01-08T19:39:13Z
278,2141,16.8,5,1,4,216,1150.0,11,13,3,1,1.245,71.15,70.99,2.87,1069.49,2026-01-08T19:39:13Z
279,2442,2.4,5,1,4,181,1157.0,8,14,4,0,1.254,74.19,29.14,2.71,886.21,2026-01-08T19:39:13Z
280,1471,7.5,4,2,4,149,992.5,6,14,3,0,1.282,61.21,127.55,2.53,792.02,2026-01-08T19:39:13Z
281,2107,20.0,5,1,4,201,1116.5,12,14,2,0,1.264,74.77,123.12,2.32,909.21,2026-01-08T19:39:13Z
282,1895,5.7,5,2,4,181,1145.0,7,14,4,0,1.293,61.37,11.25,3.51,856.14,2026-01-08T19:39:13Z
283,1273,3.3,3,1,3,127,891.0,7,14,3,0,1.307,63.98,142.58,2.9,775.94,2026-01-08T19:39:13Z
284,3087,14.1,8,3,5,276,1593.0,4,22,5,0,1.217,64.85,78.77,3.44,1201.77,2026-01-08T19:39:13Z
285,2032,1.1,5,2,4,191,1294.5,10,17,5,0,1.346,77.44,128.92,3.03,1169.97,2026-01-08T19:39:13Z
286,1871,13.9,5,1,4,182,1252.0,6,17,6,1,1.33,56.97,14.72,2.76,766.58,2026-01-08T19:39:13Z
287,412,18.1,1,1,2,84,489.0,10,5,4,1,1.369,59.41,140.52,2.5,534.83,2026-01-08T19:39:13Z
288,2007,10.8,4,2,4,173,1032.5,10,12,3,0,1.283,83.81,140.48,2.4,1025.84,2026-01-08T19:39:13Z
289,2015,4.2,5,1,4,189,1248.5,13,16,6,0,1.323,62.51,67.17,3.18,993.95,2026-01-08T19:39:13Z
290,1356,12.8,4,1,4,161,1092.5,10,13,5,1,1.36,63.86,111.54,2.53,838.82,2026-01-08T19:39:13Z
291,1288,3.8,3,1,3,138,972.0,10,14,3,0,1.355,58.22,33.32,3.14,658.09,2026-01-08T19:39:13Z
292,1982,2.8,4,2,4,166,1037.0,8,12,4,0,1.289,56.34,14.81,2.8,682.82,2026-01-08T19:39:13Z
293,1055,3.7,3,1,3,95,840.0,8,13,4,0,1.547,58.71,62.73,2.66,631.31,2026-01-08T19:39:13Z
294,1629,5.1,4,2,4,162,1007.5,8,13,3,0,1.265,70.31,105.12,2.57,866.12,2026-01-08T19:39:13Z
295,2205,3.7,5,1,4,185,1161.5,7,17,3,0,1.303,71.2,102.24,3.17,969.1,2026-01-08T19:39:13Z
296,1506,2.5,4,1,4,159,954.0,9,12,4,0,1.283,69.45,106.5,2.75,1017.1,2026-01-08T19:39:13Z
297,2367,4.2,6,1,4,233,1391.5,10,16,5,1,1.296,78.5,98.7,2.65,1179.59,2026-01-08T19:39:13Z
298,2522,4.4,6,1,4,222,1353.5,10,18,5,0,1.279,71.36,134.26,4.35,1310.0,2026-01-08T19:39:13Z
299,1168,6.9,3,1,3,112,837.5,6,13,3,0,1.366,73.62,32.36,2.91,721.54,2026-01-08T19:39:13Z
300,1074,8.1,3,1,3,132,848.0,8,12,3,0,1.273,61.41,127.33,3.52,834.84,2026-01-08T19:39:13Z
301,2300,4.1,5,1,4,206,1320.0,9,16,6,0,1.277,70.7,5.97,2.79,970.58,2026-01-08T19:39:13Z
302,2398,19.5,6,1,4,239,1391.5,7,18,4,0,1.259,60.69,94.2,3.34,1049.26,2026-01-08T19:39:13Z
303,1902,2.6,4,1,4,165,1046.5,6,14,4,0,1.261,78.04,24.29,3.2,1047.2,2026-01-08T19:39:13Z
304,1518,7.0,3,2,4,155,883.0,8,9,3,1,1.245,62.93,18.36,2.66,839.46,2026-01-08T19:39:13Z
305,1289,2.4,3,1,3,128,868.0,9,11,4,0,1.352,54.59,89.57,4.11,867.1,2026-01-08T19:39:13Z
306,1631,2.9,4,1,4,144,896.0,5,13,2,0,1.278,51.92,1.84,1.57,358.55,2026-01-08T19:39:13Z
307,1956,10.8,4,2,4,197,1182.5,10,12,4,0,1.264,74.06,99.37,3.9,1323.73,2026-01-08T19:39:13Z
308,1396,1.5,4,1,3,113,836.5,3,12,3,0,1.389,60.03,85.52,2.55,571.87,2026-01-08T19:39:13Z
309,1929,5.0,4,1,4,198,1172.0,5,16,4,0,1.242,73.62,113.43,3.01,1044.9,2026-01-08T19:39:13Z
310,2896,0.4,7,2,4,240,1403.0,10,17,6,0,1.254,83.19,118.33,2.93,1155.89,2026-01-08T19:39:13Z
311,491,1.7,1,1,2,58,437.0,5,6,3,1,1.466,60.32,64.15,2.54,513.04,2026-01-08T19:39:13Z
312,1784,19.9,4,1,4,209,1151.5,9,11,3,1,1.244,77.57,108.52,4.45,1652.8,2026-01-08T19:39:13Z
313,1389,9.1,3,1,3,139,825.5,8,9,2,0,1.302,58.09,63.74,3.08,616.49,2026-01-08T19:39:13Z
314,2008,4.3,4,2,4,178,1254.5,9,15,5,0,1.348,63.48,137.07,3.01,1020.63,2026-01-08T19:39:13Z
315,748,9.1,2,1,2,74,493.5,6,5,2,0,1.351,75.89,26.75,2.38,408.04,2026-01-08T19:39:13Z
316,2085,0.5,5,1,4,184,1052.5,7,13,4,0,1.239,56.56,131.06,3.77,1008.68,2026-01-08T19:39:13Z
317,2881,3.3,7,1,4,227,1413.5,6,19,5,0,1.282,80.24,141.67,2.87,1101.92,2026-01-08T19:39:13Z
318,946,23.1,2,2,3,125,740.5,6,6,2,0,1.28,59.04,92.77,2.73,623.45,2026-01-08T19:39:13Z
319,838,1.5,2,1,2,80,677.5,8,10,3,0,1.438,51.38,129.67,3.6,531.7,2026-01-08T19:39:13Z
320,2380,13.6,6,1,4,237,1441.0,8,18,6,1,1.27,56.59,117.27,2.77,924.92,2026-01-08T19:39:13Z
321,1544,1.4,4,3,4,138,951.0,13,12,4,0,1.384,63.77,38.94,2.1,634.8,2026-01-08T19:39:13Z
322,1714,5.7,5,2,4,162,1105.0,9,17,5,0,1.358,62.17,81.27,3.16,893.53,2026-01-08T19:39:13Z
323,1828,4.7,4,1,4,171,1094.5,6,13,4,1,1.339,56.56,95.08,2.97,840.44,2026-01-08T19:39:13Z
324,1052,6.7,3,3,4,104,711.0,6,9,2,0,1.375,63.26,59.48,2.0,657.77,2026-01-08T19:39:13Z
325,1874,8.8,5,1,4,197,1267.5,6,16,6,0,1.299,59.62,88.72,3.56,996.21,2026-01-08T19:39:13Z
326,1987,2.4,5,2,4,184,1143.0,9,14,4,0,1.261,81.59,47.72,2.98,1088.51,2026-01-08T19:39:13Z
327,2107,4.9,5,1,4,197,1292.5,10,18,4,0,1.32,71.89,101.8,2.83,898.38,2026-01-08T19:39:13Z
328,2365,2.8,5,3,5,198,1178.5,8,13,4,0,1.298,83.27,55.36,2.71,1215.81,2026-01-08T19:39:13Z
329,2734,11.4,6,3,5,241,1329.0,6,15,4,0,1.22,54.2,33.45,3.36,1031.55,2026-01-08T19:39:13Z
330,1190,19.0,2,2,4,153,844.0,8,7,1,0,1.268,60.44,52.51,2.74,771.99,2026-01-08T19:39:13Z
331,1250,7.5,3,1,4,152,1016.0,8,14,5,1,1.329,76.54,82.81,1.73,756.66,2026-01-08T19:39:13Z
332,441,6.2,1,2,2,65,424.0,8,3,3,0,1.477,83.46,53.34,3.11,707.84,2026-01-08T19:39:13Z
333,825,7.6,2,1,3,99,609.0,9,6,2,0,1.323,68.76,78.79,2.45,641.9,2026-01-08T19:39:13Z
334,1839,3.3,4,2,4,153,963.5,12,13,3,0,1.34,65.69,9.05,3.17,996.95,2026-01-08T19:39:13Z
335,2789,8.9,7,1,4,240,1508.5,7,17,6,0,1.271,73.34,10.14,3.23,1089.44,2026-01-08T19:39:13Z
336,2131,5.4,5,4,5,194,1296.5,7,20,6,1,1.299,78.89,38.6,2.76,1413.13,2026-01-08T19:39:13Z
337,942,5.7,3,3,4,124,955.5,5,14,4,0,1.387,58.23,121.51,2.03,796.84,2026-01-08T19:39:13Z
338,1746,2.1,5,1,4,149,1017.0,7,16,4,0,1.289,68.84,38.93,3.01,965.88,2026-01-08T19:39:13Z
339,1900,7.5,4,3,5,176,1102.0,5,14,3,0,1.267,58.74,76.93,1.98,767.98,2026-01-08T19:39:13Z
340,674,11.4,2,1,3,110,771.5,11,10,3,0,1.418,63.71,4.99,3.0,661.47,2026-01-08T19:39:13Z
341,476,3.0,1,1,2,49,389.0,6,5,2,0,1.469,66.7,102.26,2.51,488.53,2026-01-08T19:39:13Z
342,2208,13.1,5,1,4,220,1527.5,9,20,7,0,1.332,50.26,116.06,3.03,827.99,2026-01-08T19:39:13Z
343,1393,19.3,3,1,4,164,933.0,7,10,3,0,1.238,76.89,43.99,3.22,1192.4,2026-01-08T19:39:13Z
344,1585,4.1,4,1,4,151,1001.5,8,13,3,0,1.298,75.7,103.87,2.49,892.8,2026-01-08T19:39:13Z
345,1944,18.6,5,1,4,191,1147.5,7,11,3,0,1.257,66.75,31.62,3.41,950.9,2026-01-08T19:39:13Z
346,2434,13.3,6,1,4,242,1324.0,11,14,3,1,1.236,59.48,111.84,4.85,1435.16,2026-01-08T19:39:13Z
347,1651,2.9,4,1,4,162,1012.5,8,12,4,0,1.29,62.15,1.03,2.44,694.54,2026-01-08T19:39:13Z
348,2399,8.0,5,1,4,208,1119.0,10,12,3,0,1.236,82.0,18.86,2.29,855.58,2026-01-08T19:39:13Z
349,714,16.7,2,1,3,96,755.0,8,11,3,0,1.385,57.48,26.43,2.65,596.92,2026-01-08T19:39:13Z
350,1090,6.4,2,2,3,114,732.0,11,6,2,0,1.377,59.75,42.82,2.9,704.78,2026-01-08T19:39:13Z
351,1537,7.4,4,2,4,156,888.0,10,10,4,1,1.301,57.58,39.09,2.05,668.12,2026-01-08T19:39:13Z
352,1544,2.4,4,2,4,162,984.5,7,11,4,0,1.265,57.73,5.79,3.36,799.63,2026-01-08T19:39:13Z
353,1532,6.4,3,2,4,141,895.5,6,11,2,0,1.27,81.15,11.65,2.02,677.81,2026-01-08T19:39:13Z
354,1710,5.3,4,2,4,172,1151.0,11,18,5,0,1.314,67.98,130.07,2.59,933.24,2026-01-08T19:39:13Z
355,1172,1.6,2,3,4,110,787.0,8,10,3,0,1.391,64.36,75.58,1.93,646.98,2026-01-08T19:39:13Z
356,925,7.1,2,4,4,108,738.0,8,8,2,0,1.361,50.7,145.46,2.45,658.61,2026-01-08T19:39:13Z
357,1118,2.7,3,1,3,105,755.0,10,11,2,0,1.39,57.22,149.79,2.41,647.63,2026-01-08T19:39:13Z
358,2138,4.8,6,2,4,194,1231.5,6,18,4,0,1.263,64.68,47.54,3.29,888.58,2026-01-08T19:39:13Z
359,2787,0.7,6,1,4,215,1328.5,11,15,5,0,1.298,52.81,139.47,3.58,1079.61,2026-01-08T19:39:13Z
360,928,2.3,2,2,3,99,694.5,8,8,4,0,1.434,81.66,7.51,3.07,797.45,2026-01-08T19:39:13Z
361,1184,4.5,3,2,3,121,801.5,11,11,3,1,1.347,82.09,142.69,3.3,955.64,2026-01-08T19:39:13Z
362,818,1.7,2,3,3,66,496.5,5,6,2,0,1.424,68.91,9.88,2.14,465.81,2026-01-08T19:39:13Z
363,1059,7.4,2,1,3,102,619.5,8,6,1,1,1.333,84.06,6.13,2.57,758.97,2026-01-08T19:39:13Z
364,1538,4.7,3,2,4,149,941.0,7,11,3,0,1.268,68.67,84.61,2.32,785.51,2026-01-08T19:39:13Z
365,1088,10.5,3,2,3,134,905.5,12,13,3,0,1.358,73.23,143.12,2.67,827.07,2026-01-08T19:39:13Z
366,976,21.3,2,1,3,121,635.5,5,6,2,0,1.198,60.99,56.68,2.33,479.67,2026-01-08T19:39:13Z
367,2028,7.0,5,3,5,180,1034.0,9,13,3,0,1.278,74.01,107.76,2.31,991.82,2026-01-08T19:39:13Z
368,2990,1.0,8,3,5,239,1489.5,13,20,5,0,1.264,79.8,85.15,2.64,1252.95,2026-01-08T19:39:13Z
369,1167,2.4,3,1,3,120,861.5,7,13,3,0,1.342,77.34,131.36,2.38,746.16,2026-01-08T19:39:13Z
370,885,7.8,2,1,2,86,539.0,9,6,1,0,1.279,78.67,69.6,3.89,671.95,2026-01-08T19:39:13Z
371,698,5.0,2,1,2,81,514.0,11,6,2,0,1.358,51.25,113.27,3.91,563.97,2026-01-08T19:39:13Z
372,2008,6.4,5,1,4,188,1280.0,10,18,4,1,1.372,83.8,99.53,3.21,1125.12,2026-01-08T19:39:13Z
373,2362,16.1,6,1,4,227,1324.5,8,16,5,0,1.264,82.27,120.82,3.28,1327.17,2026-01-08T19:39:13Z
374,1129,15.3,2,3,4,127,720.0,6,6,2,0,1.268,70.98,87.79,2.62,941.75,2026-01-08T19:39:13Z
375,1540,9.7,3,2,4,156,983.5,7,10,5,1,1.327,60.31,146.59,2.31,832.77,2026-01-08T19:39:13Z
376,1039,12.7,3,2,3,127,890.0,9,12,4,0,1.378,56.67,11.18,3.49,642.95,2026-01-08T19:39:13Z
377,1474,8.0,3,2,4,156,948.5,10,10,3,0,1.295,77.11,126.46,3.26,1253.87,2026-01-08T19:39:13Z
378,948,1.3,3,1,3,122,887.5,10,13,3,0,1.385,81.81,60.94,2.31,747.63,2026-01-08T19:39:13Z
379,2065,4.8,5,1,4,172,1015.5,9,12,2,0,1.279,54.69,48.92,2.92,793.0,2026-01-08T19:39:13Z
380,1429,3.2,4,1,4,141,906.0,8,11,3,0,1.319,82.47,32.03,2.46,1007.21,2026-01-08T19:39:13Z
381,1326,1.7,3,1,3,131,987.0,8,15,3,0,1.389,59.56,117.03,2.69,687.85,2026-01-08T19:39:13Z
382,1171,4.1,3,2,3,119,960.5,11,15,6,1,1.437,84.13,73.02,3.18,921.53,2026-01-08T19:39:13Z
383,1229,1.7,3,1,4,144,1104.5,9,15,4,2,1.396,78.19,146.48,3.25,1366.75,2026-01-08T19:39:13Z
384,1570,9.7,4,1,4,150,1068.5,4,14,4,0,1.347,62.67,54.93,2.62,914.61,2026-01-08T19:39:13Z
385,1483,7.3,4,1,4,147,951.5,4,13,3,0,1.279,66.25,107.52,2.01,730.5,2026-01-08T19:39:13Z
386,2875,1.4,7,2,4,230,1392.5,6,18,4,0,1.248,84.15,136.37,5.08,2087.9,2026-01-08T19:39:13Z
387,3366,4.1,8,2,5,282,1716.5,7,23,7,1,1.259,54.37,111.99,3.09,1086.4,2026-01-08T19:39:13Z
388,2199,9.8,5,2,4,199,1070.5,8,12,2,0,1.246,77.0,70.31,3.84,1333.52,2026-01-08T19:39:13Z
389,2268,29.3,6,1,5,269,1613.0,9,19,5,1,1.245,58.18,91.53,2.5,1091.32,2026-01-08T19:39:13Z
390,849,5.7,3,2,3,108,713.5,3,9,1,0,1.315,70.71,121.5,2.17,618.45,2026-01-08T19:39:13Z
391,1070,5.3,2,3,4,132,778.0,8,9,2,0,1.311,55.82,59.47,2.8,787.0,2026-01-08T19:39:13Z
392,1322,5.4,4,2,3,132,908.5,5,13,3,0,1.326,70.57,149.8,2.44,813.9,2026-01-08T19:39:13Z
393,1688,14.6,3,1,4,170,1019.0,7,10,4,0,1.229,80.36,92.12,2.36,908.49,2026-01-08T19:39:13Z
394,1050,3.0,3,1,3,105,827.5,7,13,3,0,1.438,50.82,12.13,3.19,605.27,2026-01-08T19:39:13Z
395,878,3.1,2,1,2,74,571.0,10,6,2,0,1.486,68.44,64.13,3.45,556.3,2026-01-08T19:39:13Z
396,1368,2.7,4,2,3,133,919.0,6,12,3,1,1.286,68.19,24.23,3.67,909.08,2026-01-08T19:39:13Z
397,509,10.8,1,1,2,95,546.5,4,5,1,0,1.305,80.03,43.11,3.95,646.58,2026-01-08T19:39:13Z
398,1586,2.7,4,1,3,136,901.5,7,12,4,1,1.316,50.84,125.9,4.7,923.68,2026-01-08T19:39:13Z
399,2107,3.1,5,1,4,177,1236.0,7,18,5,0,1.328,61.79,18.36,2.75,751.47,2026-01-08T19:39:13Z
400,900,12.2,2,1,3,122,790.0,9,11,3,1,1.361,68.51,98.96,2.39,750.6,2026-01-08T19:39:13Z
401,1120,28.5,3,1,4,191,1097.0,10,12,4,0,1.267,67.21,120.22,2.19,738.93,2026-01-08T19:39:13Z
402,3170,3.9,7,2,5,249,1561.5,10,21,7,0,1.293,70.48,41.01,2.79,1143.7,2026-01-08T19:39:13Z
403,2694,12.9,6,1,4,253,1440.0,9,17,4,0,1.253,58.19,91.6,3.59,947.5,2026-01-08T19:39:13Z
404,2558,9.2,6,2,4,227,1369.0,6,18,6,2,1.264,70.01,17.42,4.18,1266.57,2026-01-08T19:39:13Z
405,1937,22.8,4,1,4,194,1147.5,10,11,3,1,1.253,66.05,16.39,3.12,915.02,2026-01-08T19:39:13Z
406,1172,7.0,2,1,3,113,645.0,8,6,2,0,1.292,71.03,7.82,2.41,599.68,2026-01-08T19:39:13Z
407,1924,6.8,4,1,4,172,1046.0,7,12,3,0,1.297,64.51,104.53,2.2,746.21,2026-01-08T19:39:13Z
408,1717,4.0,4,2,4,148,970.5,8,13,2,0,1.311,70.28,18.01,3.42,1021.2,2026-01-08T19:39:13Z
409,2092,3.8,5,1,4,180,1045.5,6,11,4,0,1.261,84.95,44.99,3.17,1230.91,2026-01-08T19:39:13Z
410,2754,13.2,7,1,4,245,1330.5,8,15,4,0,1.22,60.93,48.12,3.86,1095.69,2026-01-08T19:39:13Z
411,1834,6.1,4,4,5,179,1119.0,8,12,5,1,1.33,65.8,127.46,3.05,1269.9,2026-01-08T19:39:13Z
412,1458,6.2,3,1,3,139,812.0,6,9,3,0,1.259,59.91,50.61,3.04,608.5,2026-01-08T19:39:13Z
413,1603,0.3,3,1,4,143,887.5,12,10,3,0,1.322,59.97,71.59,2.93,824.18,2026-01-08T19:39:13Z
414,1708,7.9,4,1,4,176,1113.0,11,15,3,0,1.295,57.38,102.78,2.53,729.92,2026-01-08T19:39:13Z
415,2434,10.6,6,3,5,212,1408.0,8,19,6,0,1.274,75.46,89.0,2.89,1446.02,2026-01-08T19:39:13Z
416,2431,8.7,6,2,4,216,1271.5,6,16,4,0,1.236,83.53,121.14,2.97,1096.93,2026-01-08T19:39:13Z
417,1336,3.1,3,3,4,130,913.5,9,14,3,0,1.3,78.19,64.77,2.22,811.45,2026-01-08T19:39:13Z
418,1650,7.5,3,1,4,164,1027.5,11,12,5,0,1.305,71.13,99.92,3.1,968.78,2026-01-08T19:39:13Z
419,926,4.2,3,3,4,107,851.5,7,14,4,0,1.43,62.93,122.44,2.05,655.06,2026-01-08T19:39:13Z
420,1035,7.8,3,1,3,122,856.0,11,12,4,0,1.352,80.33,131.18,2.56,861.89,2026-01-08T19:39:13Z
421,602,1.1,1,2,2,73,451.0,5,4,1,0,1.356,71.93,92.75,3.56,722.98,2026-01-08T19:39:13Z
422,1732,8.8,5,1,3,138,896.0,10,12,2,0,1.384,65.19,81.97,3.19,769.85,2026-01-08T19:39:13Z
423,2067,5.9,5,2,4,172,1117.0,8,14,4,0,1.331,68.72,78.05,2.84,929.14,2026-01-08T19:39:13Z
424,1897,4.7,4,2,4,166,1046.5,11,13,3,0,1.313,59.98,88.82,2.8,852.76,2026-01-08T19:39:13Z
425,1167,2.7,3,1,3,127,888.5,10,13,4,0,1.323,64.54,76.16,2.49,671.11,2026-01-08T19:39:13Z
426,1011,6.3,2,2,3,99,634.0,7,6,2,0,1.333,65.63,149.1,2.76,719.13,2026-01-08T19:39:13Z
427,2798,5.6,7,1,4,243,1403.5,11,17,5,0,1.28,77.41,89.14,4.86,1564.87,2026-01-08T19:39:13Z
428,1526,5.8,4,1,4,154,979.0,12,11,3,0,1.338,71.98,67.16,2.75,1014.34,2026-01-08T19:39:13Z
429,1902,20.3,5,1,4,210,1218.0,10,17,3,1,1.271,72.76,121.04,2.97,1101.86,2026-01-08T19:39:13Z
430,1486,3.0,4,1,3,135,835.5,11,11,3,0,1.348,59.87,118.81,3.13,683.14,2026-01-08T19:39:13Z
431,2020,6.5,5,2,4,176,1055.0,7,13,3,0,1.261,68.15,17.06,2.94,876.17,2026-01-08T19:39:13Z
432,1474,2.9,3,1,3,138,847.5,11,9,3,0,1.348,78.54,92.72,4.0,1177.48,2026-01-08T19:39:13Z
433,1577,5.6,3,2,4,163,998.5,8,13,3,0,1.282,70.09,135.55,2.59,1045.05,2026-01-08T19:39:13Z
434,1215,8.0,3,1,3,136,882.5,8,12,3,0,1.287,76.49,64.13,2.99,735.24,2026-01-08T19:39:13Z
435,1184,10.2,2,2,3,117,762.5,6,9,3,0,1.291,59.63,74.17,2.25,527.63,2026-01-08T19:39:13Z
436,984,1.7,2,1,2,93,644.5,7,6,3,1,1.419,77.5,33.16,4.05,863.81,2026-01-08T19:39:13Z
437,2571,9.8,6,2,4,224,1421.0,8,18,5,0,1.254,60.35,23.8,3.15,931.59,2026-01-08T19:39:13Z
438,3223,12.5,7,1,5,281,1540.5,8,18,5,0,1.199,72.0,62.44,2.27,988.29,2026-01-08T19:39:13Z
439,1130,1.9,3,3,4,121,775.0,8,8,4,0,1.331,50.86,14.27,2.01,533.94,2026-01-08T19:39:13Z
440,2263,5.2,6,2,4,187,1273.0,8,16,5,0,1.278,66.11,38.14,3.84,1153.54,2026-01-08T19:39:13Z
441,1872,5.2,4,2,4,165,1000.0,7,10,4,0,1.261,67.77,34.01,2.48,803.88,2026-01-08T19:39:13Z
442,913,7.2,2,1,2,88,572.5,6,5,3,0,1.318,67.07,120.58,3.25,554.86,2026-01-08T19:39:13Z
443,694,3.5,2,3,4,96,727.5,6,10,3,0,1.354,73.64,131.63,1.5,634.17,2026-01-08T19:39:13Z
444,2156,1.0,6,2,4,194,1241.5,12,17,4,0,1.34,54.72,132.64,3.47,1016.49,2026-01-08T19:39:13Z
445,841,4.7,2,3,3,93,583.5,5,6,2,0,1.333,71.22,127.85,3.39,938.83,2026-01-08T19:39:13Z
446,2323,7.9,5,2,4,193,1140.5,7,14,3,0,1.269,60.4,111.46,2.75,862.27,2026-01-08T19:39:13Z
447,1447,4.3,3,2,4,143,861.5,9,10,2,0,1.259,74.14,56.53,2.31,744.02,2026-01-08T19:39:13Z
448,2878,4.3,7,1,4,231,1331.5,10,17,4,0,1.264,80.21,108.02,3.19,1290.85,2026-01-08T19:39:13Z
449,2184,0.2,5,3,5,165,1042.0,7,14,3,0,1.285,64.82,0.13,2.62,841.23,2026-01-08T19:39:13Z
450,2449,22.0,6,1,4,237,1383.5,8,18,5,1,1.245,53.21,19.92,3.95,939.89,2026-01-08T19:39:13Z
451,1440,4.1,4,2,3,134,957.0,13,13,4,0,1.396,70.73,10.71,3.98,918.14,2026-01-08T19:39:13Z
452,2605,3.7,6,1,4,234,1377.0,7,18,5,0,1.239,50.66,138.43,3.5,972.48,2026-01-08T19:39:13Z
453,1375,6.0,3,1,3,130,814.5,7,10,2,0,1.315,51.6,68.54,3.12,571.58,2026-01-08T19:39:13Z
454,2942,3.1,7,1,4,258,1560.0,7,20,6,0,1.244,70.65,36.58,4.47,1632.8,2026-01-08T19:39:13Z
455,2348,2.5,6,1,4,206,1272.5,9,15,5,0,1.291,82.05,108.43,3.74,1365.04,2026-01-08T19:39:13Z
456,1543,1.5,4,2,4,143,1073.0,7,17,6,1,1.378,80.26,12.77,2.25,867.69,2026-01-08T19:39:13Z
457,1987,7.6,5,1,4,157,946.5,3,11,4,0,1.229,80.58,107.32,2.56,933.22,2026-01-08T19:39:13Z
458,1411,11.0,3,1,4,171,1057.0,15,13,4,1,1.316,53.03,105.95,2.76,704.7,2026-01-08T19:39:13Z
459,1150,8.3,3,1,3,123,827.0,11,13,2,0,1.358,84.82,80.46,2.94,840.14,2026-01-08T19:39:13Z
460,3336,3.1,8,1,5,276,1755.5,11,24,7,1,1.301,71.8,144.05,3.61,1518.53,2026-01-08T19:39:13Z
461,911,11.7,3,1,3,101,648.0,8,6,3,0,1.297,66.29,87.08,3.11,793.91,2026-01-08T19:39:13Z
462,3084,13.3,7,1,5,270,1535.5,4,19,6,1,1.233,54.68,147.61,3.3,1125.95,2026-01-08T19:39:13Z
463,2008,5.0,5,1,4,178,1057.5,8,12,3,0,1.264,72.46,144.54,3.54,1189.58,2026-01-08T19:39:13Z
464,1153,2.0,2,1,3,108,677.0,11,7,2,1,1.315,76.94,12.97,2.66,819.66,2026-01-08T19:39:13Z
465,2602,5.6,7,2,4,225,1378.5,7,21,4,0,1.262,81.86,73.62,3.13,1190.88,2026-01-08T19:39:13Z
466,2917,4.2,7,1,4,251,1442.5,11,17,4,0,1.259,61.87,20.18,3.91,1079.99,2026-01-08T19:39:13Z
467,1526,2.4,4,2,3,133,921.0,9,12,4,0,1.338,59.36,121.07,3.5,902.01,2026-01-08T19:39:13Z
468,1275,5.6,3,1,4,147,947.5,12,11,5,1,1.313,81.25,45.47,2.54,946.39,2026-01-08T19:39:13Z
469,2109,3.3,5,1,4,171,1070.5,11,13,2,0,1.345,53.02,53.67,3.61,833.68,2026-01-08T19:39:13Z
470,3111,3.8,8,3,5,275,1619.0,7,21,6,0,1.24,83.95,146.76,5.04,2537.08,2026-01-08T19:39:13Z
471,2373,9.6,6,1,4,197,1222.5,7,16,4,0,1.289,65.23,101.99,3.39,1172.95,2026-01-08T19:39:13Z
472,3259,2.6,8,1,5,239,1465.5,7,19,5,0,1.247,62.61,29.52,3.17,1009.38,2026-01-08T19:39:13Z
473,1840,2.3,4,2,4,183,1138.5,12,13,5,0,1.311,60.37,76.52,2.8,841.79,2026-01-08T19:39:13Z
474,635,4.2,2,1,2,78,528.0,5,6,1,0,1.359,52.89,84.82,2.92,402.14,2026-01-08T19:39:13Z
475,2309,8.1,6,1,4,218,1416.5,8,17,6,1,1.298,70.13,12.16,3.4,1074.48,2026-01-08T19:39:13Z
476,1025,4.0,2,1,2,92,559.5,11,6,1,0,1.391,80.3,21.92,3.3,664.7,2026-01-08T19:39:13Z
477,1490,10.1,4,1,4,155,1148.0,8,18,5,0,1.368,81.55,32.78,2.56,888.03,2026-01-08T19:39:13Z
478,1873,7.2,5,1,4,196,1242.5,9,15,4,2,1.306,72.55,56.39,2.59,969.55,2026-01-08T19:39:13Z
479,1984,4.2,4,1,4,155,1063.0,7,15,4,1,1.355,73.02,139.24,2.33,972.0,2026-01-08T19:39:13Z
480,2791,3.2,7,1,4,226,1201.5,5,14,4,1,1.23,73.6,106.89,3.36,1345.97,2026-01-08T19:39:13Z
481,2854,7.9,7,1,4,244,1498.0,7,19,5,0,1.266,74.72,102.41,2.8,972.96,2026-01-08T19:39:13Z
482,1371,13.9,3,1,4,166,1107.0,8,13,5,0,1.343,68.31,6.18,2.7,910.77,2026-01-08T19:39:13Z
483,2220,4.2,5,1,4,192,1228.0,4,18,4,0,1.281,59.42,38.66,3.36,958.86,2026-01-08T19:39:13Z
484,1077,15.1,3,1,4,145,808.0,12,7,3,0,1.262,52.58,4.53,1.96,485.9,2026-01-08T19:39:13Z
485,1758,1.0,4,2,4,190,1232.5,13,14,6,0,1.305,64.33,100.04,3.16,1062.86,2026-01-08T19:39:13Z
486,2165,4.3,5,1,4,167,1063.0,13,12,4,0,1.371,65.31,127.34,2.27,814.86,2026-01-08T19:39:13Z
487,2140,15.3,5,1,4,222,1448.0,11,19,6,0,1.27,77.4,62.49,2.6,986.55,2026-01-08T19:39:13Z
488,827,3.5,2,3,3,93,613.0,5,7,4,1,1.366,73.23,16.19,2.71,729.13,2026-01-08T19:39:13Z
489,2166,16.4,5,1,4,220,1255.5,14,16,3,0,1.3,60.48,56.6,3.2,886.18,2026-01-08T19:39:13Z
490,1262,5.1,3,1,4,143,865.5,10,10,2,0,1.301,78.03,57.91,2.36,838.0,2026-01-08T19:39:13Z
491,1252,6.4,3,1,3,122,927.5,5,11,6,2,1.443,73.4,69.73,2.18,731.38,2026-01-08T19:39:13Z
492,706,10.8,2,1,3,106,657.5,8,6,1,1,1.368,63.66,132.91,1.91,621.3,2026-01-08T19:39:13Z
493,2495,8.1,6,2,4,241,1442.5,7,18,6,1,1.257,76.62,75.28,3.2,1300.24,2026-01-08T19:39:13Z
494,2448,11.2,5,1,4,213,1453.5,9,20,5,0,1.319,50.77,99.69,3.44,921.25,2026-01-08T19:39:13Z
495,2417,16.5,5,1,4,244,1427.0,7,15,5,0,1.254,57.79,95.69,4.24,1313.07,2026-01-08T19:39:13Z
496,1911,24.0,4,1,4,222,1239.5,6,12,4,0,1.225,81.71,30.05,2.78,976.26,2026-01-08T19:39:13Z
497,2180,8.6,5,1,4,213,1294.5,8,14,5,0,1.249,52.73,74.24,3.78,993.01,2026-01-08T19:39:13Z
498,2177,18.1,5,3,5,207,1247.5,7,16,5,0,1.246,62.37,105.79,2.44,821.9,2026-01-08T19:39:13Z
499,943,8.2,3,1,3,108,823.5,10,10,2,1,1.491,72.78,6.37,2.75,791.44,2026-01-08T19:39:13Z
500,1925,2.1,5,1,4,186,1034.0,9,12,4,1,1.247,54.9,109.31,3.23,951.68,2026-01-08T19:39:13Z
