move_id,home_sqft,years_lived,num_rooms,num_floors,crew_size,total_items,total_volume_cuft,fragile_items,bulky_items,disassembly_items,specialty_items,avg_difficulty,actual_hours,actual_cost,BOX_S,BOX_M,BOX_L,BOX_WARD,SOFA_2S,SOFA_3S,SECTIONAL,COFFEE_TBL,END_TBL,TV_40,TV_60,TV_75,DINING_TBL,DINING_CHAIR,BAR_STOOL,MATTRESS,BOX_SPRING,BED_FRAME,DRESSER,NIGHTSTAND,BOOKCASE,DESK,OFFICE_CHAIR,FILE_CAB,FRIDGE,WASHER,DRYER,DISHWASHER,MIRROR_L,ART_L,LAMP,RUG,PIANO_UP,SAFE_SM,TREADMILL
1,1883,0.7,5,2,4,170,1108.5,8,15,5,0,1.306,2.79,1184.32,33,56,28,7,0,1,0,1,1,1,1,0,1,8,0,3,3,3,3,7,1,1,1,0,1,0,0,1,1,2,3,2,0,0,0
2,1951,2.8,5,1,4,182,1199.0,6,16,4,0,1.297,3.05,1041.7,35,56,31,11,0,1,0,1,1,1,1,1,1,7,5,3,3,3,4,5,3,0,0,0,1,0,0,1,0,0,3,4,0,0,0
3,2282,2.6,6,1,4,195,1225.5,12,17,5,0,1.287,2.83,746.76,32,71,35,6,1,1,0,1,1,3,1,0,1,7,3,3,2,3,3,5,0,1,1,0,1,1,1,0,0,3,5,3,0,0,0
4,1722,2.9,4,1,4,164,1009.5,7,13,3,0,1.28,2.12,902.03,34,51,31,9,0,1,0,1,2,2,0,0,1,7,0,2,2,2,2,4,2,0,0,1,1,1,1,0,1,0,4,2,0,0,0
5,1851,8.8,4,2,4,198,1264.5,5,16,6,1,1.308,2.66,1096.66,24,81,35,10,0,1,0,1,2,0,2,0,1,8,4,3,0,3,4,6,1,1,1,0,1,1,1,1,1,0,2,2,0,0,1
6,1488,4.1,3,1,3,127,781.5,7,7,2,1,1.268,3.0,758.7,17,43,26,9,1,1,0,0,1,2,0,0,1,9,0,1,0,1,1,2,1,0,0,0,1,0,0,1,0,0,5,3,0,1,0
7,2195,2.8,5,1,4,180,1007.0,12,13,3,1,1.294,3.04,1041.72,41,67,31,5,0,1,0,1,2,1,3,0,0,0,0,2,1,2,3,3,1,0,0,1,1,1,1,0,1,2,5,3,0,0,1
8,1407,3.8,3,1,3,133,981.5,6,13,4,0,1.346,3.13,717.67,17,47,24,1,1,1,0,1,2,1,2,0,1,6,3,2,2,2,3,4,3,1,1,1,1,0,0,1,1,0,2,2,0,0,0
9,1968,3.1,5,1,4,166,1110.0,10,16,4,0,1.337,2.76,965.96,31,52,31,9,0,1,0,1,2,2,1,0,0,0,0,3,3,3,3,7,2,1,1,0,1,1,1,1,0,1,6,2,0,0,0
10,2299,9.3,6,2,4,209,1280.0,11,18,5,1,1.287,3.79,1283.44,30,87,36,6,0,1,0,1,3,2,0,1,1,6,0,3,3,3,3,7,1,0,1,0,1,1,1,0,0,3,5,2,0,0,1
11,1811,6.2,4,4,5,162,1023.5,5,12,3,0,1.302,2.1,723.25,26,55,37,8,0,1,0,1,3,0,2,0,0,0,0,2,2,2,2,5,3,1,0,1,1,1,1,1,0,0,3,4,0,0,0
12,1286,3.2,3,3,4,124,831.5,8,13,3,1,1.371,2.16,898.13,25,47,18,3,1,1,0,0,2,1,1,0,0,0,0,2,1,2,2,4,1,0,0,0,1,1,1,1,0,3,3,2,0,0,1
13,1278,7.5,3,1,3,122,807.0,7,10,2,1,1.328,2.6,549.69,18,42,26,7,0,1,0,1,1,2,1,0,0,0,0,2,2,2,2,4,2,0,0,0,1,0,0,1,0,0,4,2,0,1,0
14,564,14.0,2,1,3,118,686.5,7,7,2,1,1.297,2.45,748.86,26,39,25,5,1,1,0,1,2,3,1,0,0,0,0,1,0,1,1,1,1,0,2,0,1,0,0,0,1,0,2,2,0,0,1
15,1073,1.8,2,2,3,103,709.5,8,6,2,0,1.427,2.3,677.8,9,42,16,6,1,1,0,1,3,1,1,0,0,0,0,1,0,1,1,1,3,1,1,1,1,0,0,1,1,3,2,4,0,0,0
16,1714,4.8,4,1,4,167,1017.0,9,13,3,0,1.299,2.43,878.13,31,53,31,8,0,1,0,1,2,0,3,0,1,7,5,2,2,2,2,4,1,0,0,0,1,1,1,0,1,2,3,2,0,0,0
17,1319,1.7,3,2,3,132,1000.5,8,15,4,0,1.386,3.13,660.55,25,35,20,6,1,1,0,1,1,2,1,0,1,5,4,2,2,2,3,5,2,1,1,0,1,1,1,1,1,0,4,2,0,0,0
18,743,1.5,2,1,2,56,503.5,8,7,1,0,1.518,4.02,511.57,8,11,11,1,1,1,0,1,2,3,1,0,0,0,0,1,0,1,2,1,3,0,0,0,1,0,0,0,0,1,3,3,0,0,0
19,1219,6.8,3,1,3,123,851.0,9,10,5,1,1.358,2.6,602.95,28,30,20,6,0,1,0,1,2,1,1,0,1,6,0,2,0,2,2,5,0,2,1,1,1,0,0,0,1,0,6,2,1,0,0
20,654,7.9,1,1,3,99,568.5,6,4,2,0,1.333,3.22,763.06,18,25,27,7,0,0,0,0,3,0,0,1,0,0,0,1,0,1,1,1,3,1,2,0,1,0,0,0,0,2,3,2,0,0,0
21,2997,0.8,8,1,4,228,1424.5,9,20,5,0,1.25,3.16,989.81,42,81,41,7,1,1,0,1,3,1,1,0,1,6,5,4,4,4,4,9,2,0,0,0,1,0,0,1,1,0,6,1,0,0,0
22,1206,14.6,2,1,3,118,639.0,6,5,1,0,1.237,2.32,676.9,18,47,28,4,0,1,0,1,2,2,1,0,0,0,0,1,0,1,1,2,2,0,0,1,1,0,0,0,1,0,2,2,0,0,0
23,1573,8.2,3,1,4,160,945.5,9,10,2,0,1.262,2.34,690.67,36,51,23,5,1,1,0,1,3,2,0,1,1,9,3,1,1,1,1,3,3,0,0,0,1,1,1,1,1,0,5,3,0,0,0
24,941,4.9,2,2,2,74,563.5,11,8,3,1,1.446,3.68,803.6,13,22,8,3,1,1,0,0,2,2,1,0,0,0,0,1,1,1,1,2,1,1,1,0,1,0,0,0,1,0,7,2,0,0,1
25,885,7.8,2,1,3,102,626.5,9,6,1,0,1.284,1.89,427.63,11,38,22,4,0,1,0,1,3,0,2,0,0,0,0,1,1,1,1,3,3,0,0,0,1,0,0,0,1,0,6,2,0,0,0
26,2240,18.0,6,2,4,243,1515.0,7,18,6,0,1.267,3.87,950.28,46,95,44,11,0,1,1,1,1,0,2,0,1,6,0,3,2,3,4,5,3,1,2,0,1,1,1,1,1,0,4,2,0,0,0
27,1496,2.5,4,2,3,131,889.5,7,13,3,0,1.305,3.2,829.56,28,43,17,3,0,1,0,1,1,0,1,0,1,7,0,2,2,2,2,5,3,0,0,0,1,1,1,1,1,0,5,2,0,0,0
28,1139,2.6,3,1,3,117,794.0,9,11,2,1,1.41,3.55,760.66,22,46,14,4,0,1,0,1,2,0,3,1,0,0,0,2,1,2,2,3,3,0,0,0,1,1,1,0,1,0,4,1,0,1,0
29,2931,6.2,7,1,4,229,1325.5,6,17,4,0,1.258,2.75,1092.48,43,103,34,9,1,1,0,1,2,1,1,0,0,0,0,3,2,3,4,7,1,1,1,1,1,1,1,1,1,0,3,2,0,0,0
30,1223,11.1,3,1,3,126,827.5,9,10,4,1,1.341,3.01,859.93,26,34,23,4,0,1,0,1,3,3,0,0,1,6,0,2,1,2,2,4,1,1,1,0,1,0,0,0,1,1,4,2,0,1,0
31,1672,4.6,4,1,3,135,882.0,6,10,3,0,1.281,3.86,966.82,26,51,26,6,1,1,1,1,2,0,2,0,0,0,0,2,0,2,2,4,1,0,0,0,1,0,0,0,1,0,3,2,0,0,0
32,1402,5.3,3,1,3,136,890.0,7,12,3,0,1.36,2.76,710.84,35,46,19,4,1,1,0,1,2,1,0,1,0,0,0,2,0,2,3,3,2,1,2,0,1,1,1,1,0,2,3,1,0,0,0
33,3323,3.9,7,1,5,266,1371.0,9,14,5,1,1.195,2.79,1485.45,50,115,52,9,0,1,0,1,2,2,1,0,0,0,0,3,2,3,3,7,2,1,1,0,1,0,0,1,0,0,6,2,0,0,1
34,1397,7.5,4,1,3,136,911.5,8,13,4,0,1.338,2.62,830.17,25,51,18,1,0,1,0,1,3,1,3,0,1,5,0,2,2,2,2,4,1,1,1,0,1,1,1,1,1,0,3,3,0,0,0
35,1477,12.8,4,1,4,176,1194.0,5,18,5,0,1.33,2.47,905.48,32,62,30,10,1,1,0,1,3,0,2,0,1,6,0,3,3,3,3,5,0,1,1,1,1,1,1,0,0,0,3,1,0,0,0
36,1486,8.3,3,2,4,145,960.0,8,13,3,0,1.31,2.97,1111.19,27,42,29,5,0,1,0,1,2,1,2,1,1,6,0,2,1,2,3,5,2,0,0,0,1,1,1,0,0,0,4,5,0,0,0
37,1037,0.9,3,2,2,89,636.5,7,9,1,0,1.36,3.15,567.51,19,24,16,3,1,1,0,0,1,1,1,0,0,0,0,1,1,1,1,2,2,0,0,1,1,1,1,1,0,0,5,4,0,0,0
38,667,2.5,2,2,2,60,409.0,5,5,1,1,1.383,3.18,452.59,13,18,11,1,0,1,0,1,2,1,1,0,0,0,0,1,0,1,1,1,1,0,0,0,1,0,0,0,0,0,3,1,0,1,0
39,2592,7.6,6,1,4,232,1282.5,5,16,4,0,1.224,3.27,1034.99,44,98,47,9,0,1,0,1,2,1,1,0,0,0,0,3,3,3,3,5,1,1,1,0,1,1,1,1,0,0,3,1,0,0,0
40,834,10.6,2,1,3,101,655.5,8,7,2,0,1.366,1.97,561.08,19,31,18,5,0,1,0,1,2,2,1,0,0,0,0,1,1,1,2,3,2,1,1,1,1,0,0,0,0,2,3,2,0,0,0
41,902,5.5,3,1,3,114,874.0,12,14,4,1,1.474,3.17,697.74,28,19,18,3,1,1,0,1,2,2,2,0,1,5,4,2,1,2,2,5,1,0,0,0,1,1,1,1,0,4,4,1,0,0,1
42,2764,7.5,7,2,4,240,1457.0,8,20,5,0,1.242,3.78,1370.4,41,105,37,6,1,1,0,1,3,1,1,0,0,0,0,4,4,4,5,8,3,1,1,1,1,0,0,0,0,0,6,5,0,0,0
43,1764,4.6,4,1,4,178,1170.0,11,13,4,0,1.258,4.2,943.93,22,55,48,7,0,1,1,1,2,2,0,0,1,6,0,2,1,2,2,5,2,0,0,0,1,1,1,1,1,0,8,5,0,0,0
44,1405,4.4,3,1,3,123,779.5,11,9,1,0,1.366,2.49,709.27,24,33,25,9,1,1,0,1,3,1,1,0,0,0,0,1,0,1,2,3,1,0,0,0,1,1,1,1,0,3,6,3,0,0,0
45,1827,16.6,4,1,4,188,1144.0,9,16,4,0,1.293,2.69,865.11,39,73,29,7,1,1,0,1,2,2,0,0,0,0,0,3,2,3,3,5,0,1,1,1,1,1,1,1,0,2,5,3,0,0,0
46,882,7.8,2,1,3,96,625.0,8,7,1,1,1.333,2.17,672.14,15,33,19,1,1,1,0,1,3,2,0,1,0,0,0,1,1,1,1,2,1,0,1,0,1,0,0,0,1,0,4,4,0,1,0
47,3192,4.4,7,2,5,263,1524.0,8,19,5,0,1.236,3.66,1114.86,48,104,52,10,1,1,0,1,2,0,1,1,1,6,0,3,3,3,4,6,1,1,0,0,1,1,1,1,1,0,5,4,0,0,0
48,1959,4.2,4,1,4,159,995.5,5,13,4,0,1.283,2.4,945.08,34,57,23,3,0,1,0,1,2,1,1,0,1,6,3,2,1,2,3,5,2,1,1,0,1,1,1,1,1,0,2,2,0,0,0
49,1261,18.0,3,1,3,139,851.5,8,8,3,0,1.295,2.94,771.95,34,33,25,8,0,1,0,1,2,3,0,0,1,5,3,1,1,1,2,2,3,1,2,0,1,0,0,1,1,0,4,3,0,0,0
50,1141,8.5,3,1,3,131,787.0,8,8,3,0,1.298,2.33,648.49,25,40,25,5,0,1,0,1,2,1,2,0,1,9,0,1,0,1,1,1,1,1,1,0,1,1,1,0,1,1,3,4,0,0,0
51,2571,5.4,6,1,4,229,1464.5,9,19,7,1,1.297,3.28,1385.18,46,78,41,10,0,1,1,1,1,1,1,0,1,7,3,3,3,3,3,6,1,1,2,1,1,1,1,0,1,2,4,3,0,0,1
52,1606,10.8,4,1,4,174,1008.5,10,11,4,0,1.253,3.65,843.04,28,66,35,5,0,1,0,0,3,1,2,0,1,5,0,2,2,2,2,5,1,1,1,0,1,0,0,1,0,2,5,2,0,0,0
53,700,5.3,2,1,2,59,496.0,6,7,2,0,1.492,3.16,710.81,10,13,12,1,0,1,0,1,3,1,2,0,0,0,0,1,1,1,2,1,2,1,1,0,1,0,0,0,0,0,3,1,0,0,0
54,2469,6.5,6,1,4,230,1543.5,9,19,5,0,1.309,4.17,1029.06,39,76,46,15,1,1,1,1,1,0,1,1,1,5,3,3,2,3,4,7,3,0,1,0,1,1,1,1,0,2,5,4,0,0,0
55,805,1.9,1,2,2,74,494.5,12,6,1,0,1.419,3.64,706.87,11,17,14,4,0,0,0,1,2,1,0,0,0,0,0,1,1,1,2,3,3,0,0,0,1,0,0,0,1,3,7,1,0,0,0
56,1613,10.7,4,2,4,163,1044.0,5,14,3,0,1.27,2.57,760.36,34,52,32,5,0,1,0,1,1,1,0,0,1,6,2,2,2,2,3,4,4,0,0,0,1,1,1,1,1,0,3,2,0,0,0
57,1446,12.4,4,1,4,142,940.0,11,12,3,0,1.303,2.61,806.66,26,41,28,3,1,1,0,1,2,1,3,0,1,8,0,2,2,2,2,4,1,0,0,1,1,0,0,1,1,0,6,3,0,0,0
58,995,3.0,3,1,2,89,750.0,6,11,3,0,1.494,3.17,576.37,22,20,10,3,1,1,0,1,3,1,0,2,0,0,0,2,2,2,2,4,3,1,0,1,1,0,0,1,0,0,3,3,0,0,0
59,877,0.2,2,1,2,68,555.5,8,8,2,1,1.5,3.65,611.66,8,20,11,4,1,1,0,1,3,1,0,1,0,0,0,1,0,1,2,3,1,0,0,0,1,0,0,0,1,0,5,1,0,0,1
60,2338,2.2,6,2,4,197,1226.5,7,16,4,1,1.279,3.0,788.11,39,66,48,6,0,1,0,1,1,1,0,1,0,0,0,3,2,3,3,6,1,1,2,0,1,1,1,1,1,0,4,2,1,0,0
61,1381,21.8,4,2,4,181,1200.0,6,18,5,1,1.32,3.57,1147.83,30,67,30,8,0,1,0,1,3,0,3,0,1,7,0,3,3,3,3,6,1,0,0,0,1,1,1,1,0,0,3,3,0,0,1
62,2044,4.5,5,2,4,177,1115.0,10,14,3,0,1.288,2.76,951.12,33,67,31,6,1,1,0,1,2,2,1,1,0,0,0,3,2,3,3,6,4,0,0,0,1,0,0,1,1,0,5,2,0,0,0
63,1512,16.2,3,1,4,164,816.5,11,6,3,0,1.189,2.63,668.82,40,56,31,5,0,1,0,1,1,2,2,0,1,4,0,1,0,1,1,2,1,1,0,0,1,0,0,1,0,0,7,4,0,0,0
64,2113,17.3,5,2,4,199,1208.0,7,12,4,0,1.256,2.58,734.68,36,85,26,13,1,1,1,1,3,2,2,0,1,6,0,2,1,2,2,3,3,0,0,0,1,0,0,0,0,0,3,4,0,0,0
65,1399,9.7,3,1,3,137,952.5,8,13,3,1,1.38,3.3,967.8,19,43,30,4,0,1,0,1,2,2,0,1,1,5,0,2,2,2,2,4,1,0,1,0,1,1,1,1,0,3,2,4,0,1,0
66,739,9.7,2,1,2,90,543.5,8,5,2,0,1.3,2.99,452.84,18,25,21,4,0,1,0,1,2,2,0,1,0,0,0,1,0,1,1,1,1,1,1,0,1,0,0,0,0,0,5,2,0,0,0
67,2039,8.0,4,3,5,182,1140.0,10,14,4,0,1.291,3.36,1350.78,34,72,36,3,1,1,1,1,3,1,2,0,0,0,0,2,2,2,2,4,1,1,1,0,1,1,1,0,1,3,3,2,0,0,0
68,2108,4.2,5,1,4,194,1250.5,6,16,5,0,1.258,2.42,683.86,28,64,47,7,1,1,0,1,1,1,0,0,1,6,5,3,3,3,3,6,2,1,2,0,1,0,0,0,0,2,3,2,0,0,0
69,1137,3.6,3,1,3,107,746.5,6,10,2,0,1.327,2.59,694.19,17,36,22,1,1,1,0,1,2,2,1,0,1,5,0,1,0,1,2,2,2,0,1,0,1,1,1,0,1,0,2,2,0,0,0
70,1716,5.8,4,1,4,184,1122.5,8,13,4,0,1.272,2.62,745.23,30,70,29,6,1,1,0,1,3,0,2,1,1,7,4,2,1,2,2,5,1,1,1,0,1,1,1,1,0,0,5,4,0,0,0
71,610,4.4,2,1,2,47,481.0,10,8,3,1,1.702,2.19,472.73,6,9,2,0,0,1,0,1,3,2,1,0,0,0,0,1,1,1,2,3,2,1,1,0,1,0,0,0,1,0,6,1,0,0,1
72,3153,19.0,8,1,5,290,1545.5,6,18,5,0,1.186,3.88,1439.99,59,109,70,10,1,1,0,1,2,2,0,0,1,5,0,3,2,3,4,6,0,1,1,0,1,1,1,0,0,0,4,2,0,0,0
73,1519,1.4,4,2,3,139,934.5,7,13,3,0,1.36,2.91,840.31,24,52,23,8,1,1,0,1,3,0,1,1,0,0,0,2,1,2,3,4,1,1,1,0,1,1,1,0,1,0,4,1,0,0,0
74,1733,5.6,4,2,4,171,1064.5,10,14,4,0,1.287,3.56,1106.75,31,57,34,5,0,1,0,1,3,2,1,1,1,6,0,2,2,2,3,5,1,1,0,0,1,1,1,0,1,0,5,3,0,0,0
75,1063,1.2,3,1,2,82,618.0,7,8,3,0,1.488,3.14,524.9,13,28,11,2,0,1,0,1,3,0,1,1,0,0,0,1,1,1,1,1,2,2,2,0,1,1,1,0,0,2,3,2,0,0,0
76,3023,4.2,8,1,5,245,1431.0,11,19,6,0,1.216,3.39,1334.89,45,88,53,5,0,1,0,0,2,3,0,0,1,6,0,4,4,4,4,8,1,1,1,1,1,0,0,0,1,0,7,4,0,0,0
77,1852,3.9,5,1,4,185,1226.5,7,17,5,0,1.281,2.26,619.09,39,62,34,7,0,1,1,0,2,2,1,0,1,5,0,3,2,3,3,6,2,0,0,0,1,1,1,0,1,0,3,4,0,0,0
78,519,1.9,1,1,2,50,447.5,7,6,3,1,1.68,2.68,531.13,5,8,6,2,0,0,0,1,3,0,1,0,0,0,0,1,1,1,1,3,3,1,1,0,1,0,0,0,1,2,3,4,0,0,1
79,1943,1.7,5,2,4,169,1122.0,14,13,4,0,1.367,3.42,1145.38,22,50,38,8,0,1,0,1,2,2,1,1,1,7,0,2,2,2,2,5,2,1,2,0,1,1,1,1,1,4,5,3,0,0,0
80,1702,7.1,4,1,4,149,991.5,12,13,3,0,1.396,3.06,1063.26,29,43,24,12,0,1,0,1,3,1,1,0,0,0,0,2,2,2,3,4,2,1,0,0,1,1,1,1,1,3,6,4,0,0,0
81,1649,7.1,4,1,4,163,1092.5,10,13,5,1,1.356,3.23,1238.46,29,47,34,5,0,1,0,1,3,2,0,0,1,6,0,2,2,2,2,4,3,2,2,0,1,1,1,1,1,2,5,2,0,1,0
82,739,9.4,2,1,3,113,734.0,9,9,2,2,1.336,2.82,826.32,23,43,19,3,1,1,0,1,1,1,2,1,0,0,0,1,1,1,1,2,1,0,0,1,1,0,0,0,0,0,5,1,1,0,1
83,985,2.8,3,1,3,112,868.5,5,13,4,1,1.429,2.26,788.98,20,29,17,9,0,1,0,1,1,1,2,0,1,6,0,2,1,2,2,5,3,0,0,0,1,1,1,0,0,0,2,3,0,0,1
84,1369,2.2,4,1,3,140,1074.0,7,18,4,0,1.386,2.4,691.68,29,38,23,5,1,1,0,1,2,2,0,0,1,6,0,3,3,3,3,5,2,0,1,0,1,1,1,1,1,1,3,2,0,0,0
85,1004,3.9,2,3,4,102,682.5,9,7,2,0,1.392,1.83,718.06,17,35,18,4,1,1,0,1,1,1,3,0,0,0,0,1,0,1,2,2,1,1,1,1,1,0,0,1,0,2,3,3,0,0,0
86,1361,3.8,3,2,3,113,690.0,9,9,1,0,1.336,2.46,748.27,26,41,16,1,0,1,0,1,2,1,2,0,0,0,0,1,1,1,2,3,2,0,0,0,1,1,1,1,1,2,3,2,0,0,0
87,1559,7.5,4,1,4,148,905.0,12,10,2,0,1.351,2.53,1017.89,24,50,32,9,0,1,0,1,2,1,2,1,0,0,0,2,0,2,2,4,2,0,0,0,1,1,1,1,1,2,5,1,0,0,0
88,1605,19.3,4,1,4,191,1179.5,11,15,5,1,1.314,2.2,880.44,43,59,36,6,1,1,0,1,3,0,1,1,1,5,0,2,2,2,2,5,2,1,1,1,1,1,1,0,0,3,6,2,0,0,1
89,1957,7.7,4,1,4,183,1103.5,8,14,3,0,1.246,2.11,759.02,27,79,30,7,1,1,0,1,1,2,1,0,1,7,0,2,2,2,2,3,1,0,1,0,1,1,1,1,0,0,5,3,0,0,0
90,1799,9.8,4,1,4,185,1081.5,8,13,5,1,1.286,2.32,908.35,44,60,37,4,0,1,0,1,1,1,0,1,1,6,0,2,0,2,3,5,1,1,2,0,1,1,1,1,0,3,3,1,0,0,1
91,1223,1.1,3,1,3,116,761.0,8,9,3,1,1.388,2.69,714.36,15,36,21,8,0,1,0,1,2,1,1,1,1,8,3,1,0,1,1,3,0,0,0,1,1,1,1,0,0,2,3,1,0,0,1
92,1582,1.6,4,4,5,149,1052.0,8,15,4,0,1.369,2.65,1039.26,31,50,17,6,1,1,0,1,3,1,2,1,1,6,0,2,2,2,3,4,2,1,1,0,1,1,1,1,0,0,4,3,0,0,0
93,2271,5.7,6,1,4,201,1229.0,9,16,4,0,1.303,3.67,1001.68,41,67,35,15,0,1,0,1,3,2,1,0,0,0,0,3,2,3,4,6,1,1,1,0,1,1,1,1,0,0,6,4,0,0,0
94,2160,1.0,5,1,4,200,1157.5,6,13,4,0,1.25,3.86,1504.63,44,71,37,6,0,1,0,1,2,0,2,0,1,6,0,2,1,2,3,4,3,1,1,0,1,1,1,1,1,0,3,4,0,0,0
95,952,10.9,2,3,3,81,569.5,7,6,2,0,1.37,3.22,750.71,17,16,22,2,1,1,0,1,1,0,2,1,0,0,0,1,0,1,1,3,1,1,1,1,1,0,0,0,0,0,4,2,0,0,0
96,2412,5.3,6,2,4,200,1171.5,4,18,3,0,1.23,3.07,1151.12,50,75,37,4,1,1,0,1,2,1,1,0,0,0,0,3,3,3,4,6,1,0,0,0,1,1,1,0,0,0,2,2,0,0,0
97,599,1.5,1,1,2,43,356.5,5,5,2,0,1.535,2.06,360.6,6,8,7,2,0,0,0,1,1,0,1,0,0,0,0,1,0,1,2,2,1,1,1,0,1,0,0,0,1,0,3,3,0,0,0
98,2474,10.5,6,1,4,244,1422.5,6,18,4,0,1.234,3.59,878.57,47,85,58,9,0,1,0,1,2,0,1,1,1,8,0,3,3,3,4,5,2,0,1,0,1,1,1,1,0,0,4,1,0,0,0
99,850,6.7,2,3,4,99,655.5,8,6,3,0,1.394,2.49,861.0,21,27,20,3,0,1,0,1,3,0,0,1,0,0,0,1,0,1,2,2,4,2,0,0,1,0,0,0,0,4,3,2,0,0,0
100,1417,5.6,3,4,5,162,1090.5,6,14,5,0,1.302,1.77,947.14,28,55,31,7,1,1,0,1,1,1,1,0,1,7,0,2,2,2,2,3,2,2,1,0,1,1,1,1,0,0,4,3,0,0,0
101,1488,4.3,3,1,4,144,871.5,6,9,2,0,1.271,3.09,809.8,24,46,31,6,0,1,0,1,2,2,0,0,1,7,0,1,1,1,1,3,2,0,1,1,1,1,1,1,1,0,3,4,0,0,0
102,700,16.1,1,3,4,106,533.5,9,5,1,0,1.264,1.54,450.36,22,37,21,6,0,0,0,1,2,1,0,0,0,0,0,1,0,1,2,1,1,0,0,0,1,0,0,0,1,2,5,1,0,0,0
103,2346,20.9,5,2,4,237,1192.5,8,11,3,0,1.19,3.52,879.76,54,88,55,3,0,1,0,1,2,0,2,0,0,0,0,2,1,2,2,4,3,1,1,1,1,1,1,1,1,0,5,4,0,0,0
104,1852,16.8,5,1,4,171,991.5,7,12,3,0,1.275,2.78,632.9,40,65,29,6,1,1,0,1,1,0,3,0,0,0,0,2,1,2,2,4,1,1,1,0,1,1,1,1,1,0,3,2,0,0,0
105,1945,16.5,5,1,4,210,1298.0,5,17,5,0,1.262,3.03,969.87,38,70,46,9,1,1,0,0,2,1,0,1,1,6,4,3,2,3,3,7,0,1,0,1,1,1,1,1,0,0,3,3,0,0,0
106,1600,7.8,4,1,4,160,1068.5,10,14,4,0,1.344,2.23,833.91,26,52,31,6,1,1,0,1,2,1,2,0,1,7,3,2,2,2,2,4,2,1,1,0,1,1,1,0,1,3,3,0,0,0,0
107,1737,12.6,4,2,4,177,1048.5,8,12,4,0,1.271,2.77,911.41,33,61,36,7,0,1,0,1,1,0,4,0,1,7,0,2,1,2,2,4,1,1,1,0,1,1,1,0,1,0,3,4,0,0,0
108,1463,20.5,3,2,4,173,1051.5,5,12,4,0,1.26,2.27,721.11,35,62,30,6,1,1,0,1,2,2,1,0,1,9,0,2,0,2,2,4,2,1,0,0,1,1,1,1,0,0,2,3,0,0,0
109,1653,9.3,3,1,4,174,1227.0,8,15,5,0,1.305,2.36,719.08,32,48,42,3,1,1,1,1,2,2,1,0,1,6,2,2,1,2,3,5,3,1,2,1,1,1,1,0,1,0,4,3,0,0,0
110,1438,10.7,3,1,4,157,1016.5,8,12,4,1,1.35,3.21,1285.63,32,44,27,5,0,1,0,1,3,0,3,1,1,7,4,2,1,2,2,4,2,1,2,0,1,1,1,0,0,1,3,4,0,1,0
111,530,21.0,2,2,2,90,540.0,6,6,2,1,1.322,3.53,635.5,20,30,14,7,0,1,0,1,1,0,1,0,0,0,0,1,0,1,1,2,1,0,0,0,1,0,0,0,1,0,4,2,0,0,1
112,1218,9.2,3,2,4,157,873.5,12,9,2,0,1.28,2.21,803.69,35,50,22,7,0,1,0,1,1,2,0,0,1,8,5,1,0,1,2,2,1,0,0,1,1,1,1,1,1,3,6,2,0,0,0
113,1669,11.6,4,1,4,180,1032.5,13,11,2,0,1.294,2.39,716.33,32,65,35,10,0,1,0,1,3,2,2,0,0,0,0,2,1,2,2,4,3,0,1,0,1,1,1,1,0,2,7,1,0,0,0
114,3370,7.3,9,2,5,283,1745.0,5,25,6,0,1.269,3.61,1485.66,63,91,59,14,0,1,0,1,1,1,1,1,1,6,0,5,4,5,6,10,2,0,0,0,1,1,1,1,1,0,1,5,0,0,0
115,1053,2.1,2,1,2,85,558.0,10,5,2,1,1.435,2.96,563.09,14,28,14,3,0,1,0,1,2,1,1,1,0,0,0,1,0,1,1,2,1,1,1,0,1,0,0,1,0,2,5,1,0,1,0
116,2125,7.9,5,2,4,188,1078.5,5,13,4,0,1.223,3.58,1258.2,36,77,35,3,0,1,0,0,2,1,0,1,1,6,0,2,2,2,2,5,3,1,0,0,1,1,1,0,1,0,2,2,0,0,0
117,1399,2.5,4,2,4,145,1085.0,10,16,5,0,1.352,2.81,866.9,26,36,32,3,1,1,0,1,1,0,0,1,1,5,0,3,3,3,3,7,3,1,2,0,1,0,0,0,0,3,6,2,0,0,0
118,1171,4.2,3,1,3,117,831.5,7,11,3,0,1.299,2.74,615.96,21,34,20,1,1,1,0,1,2,2,0,0,1,7,3,2,1,2,2,5,3,0,0,0,1,0,0,1,1,0,4,1,0,0,0
119,2460,9.9,5,2,4,223,1237.5,3,14,4,0,1.215,4.06,821.51,46,79,55,9,0,1,0,1,2,1,1,0,1,5,0,2,2,2,3,3,2,1,1,0,1,1,1,0,0,0,1,2,0,0,0
120,1436,19.8,4,1,4,174,1018.0,5,12,4,0,1.236,2.74,947.93,33,67,31,7,0,1,0,1,1,2,0,0,1,6,0,2,1,2,2,4,2,1,1,0,1,1,1,0,0,0,3,3,0,0,0
121,1926,1.3,5,2,4,166,1215.0,8,18,5,0,1.343,2.55,952.31,28,64,22,3,0,1,1,1,3,1,2,1,1,7,0,3,3,3,3,6,2,0,0,1,1,1,1,1,0,0,4,2,0,0,0
122,1634,2.1,4,1,4,142,1110.0,7,15,5,0,1.366,2.28,790.1,22,36,36,4,0,1,1,1,2,2,1,1,1,7,0,2,2,2,3,4,2,1,1,0,1,1,1,1,0,0,3,3,0,0,0
123,870,3.6,2,1,2,83,620.0,7,8,3,0,1.386,3.2,725.45,11,29,11,4,0,1,0,1,1,1,0,1,0,0,0,2,0,2,2,4,2,1,1,0,1,0,0,0,0,0,5,3,0,0,0
124,2314,12.8,6,2,4,221,1262.0,10,15,5,0,1.258,2.76,904.67,60,67,42,9,1,1,0,0,2,3,0,0,0,0,0,3,3,3,3,5,2,2,1,0,1,0,0,1,0,3,4,5,0,0,0
125,1666,4.9,4,4,5,151,942.0,12,9,4,0,1.331,2.2,1045.4,37,35,31,10,1,1,0,1,2,2,0,0,0,0,0,2,0,2,2,4,3,2,1,0,1,0,0,1,1,2,7,3,0,0,0
126,745,2.1,2,2,2,86,597.5,11,7,2,0,1.43,3.9,506.55,19,23,8,5,1,1,0,1,3,1,1,0,0,0,0,1,0,1,2,1,1,1,1,0,1,0,0,0,0,3,6,5,0,0,0
127,1485,17.9,3,1,4,154,998.0,7,11,3,1,1.325,2.55,912.61,25,51,29,9,1,1,0,0,2,2,0,1,1,8,0,1,1,1,1,1,4,0,1,1,1,1,1,0,1,0,3,5,0,0,1
128,1912,4.9,5,1,4,172,1159.5,9,16,5,0,1.285,2.14,765.81,30,46,43,7,1,1,0,1,2,1,1,0,1,8,0,3,3,3,3,5,1,1,1,0,1,0,0,0,1,0,6,2,0,0,0
129,2956,3.9,7,3,5,261,1600.0,6,21,6,0,1.253,3.78,1141.07,55,88,53,7,1,1,0,0,1,1,1,1,1,8,2,4,3,4,4,9,3,1,2,0,1,1,1,1,1,0,2,4,0,0,0
130,929,5.1,2,1,2,94,664.0,10,7,2,0,1.415,3.73,554.96,21,20,19,5,1,1,0,1,2,1,3,0,0,0,0,1,0,1,2,2,2,1,1,0,1,0,0,1,1,0,5,2,0,0,0
131,1078,5.7,2,3,3,94,652.5,8,8,1,0,1.372,3.06,879.06,17,28,20,3,1,1,0,1,2,1,1,0,0,0,0,1,1,1,2,2,2,0,0,1,1,0,0,1,0,2,4,1,0,0,0
132,1603,12.6,4,1,4,164,1072.0,11,14,4,0,1.299,2.61,1010.46,40,48,30,5,0,1,1,1,2,2,0,0,0,0,0,2,2,2,3,4,1,1,1,1,1,1,1,1,1,0,8,4,0,0,0
133,1116,16.7,2,1,3,137,716.0,12,6,2,0,1.263,2.21,536.95,25,58,21,4,0,1,0,1,2,2,1,0,0,0,0,1,0,1,2,2,1,1,1,0,1,0,0,0,1,3,5,3,0,0,0
134,1284,0.7,3,2,4,143,831.0,9,6,3,0,1.28,2.19,826.6,29,40,35,7,0,1,0,1,1,0,3,0,1,7,0,1,0,1,1,1,3,1,1,1,1,0,0,1,1,0,5,0,0,0,0
135,1209,1.4,3,1,3,93,642.5,7,9,2,1,1.409,2.1,584.2,16,31,13,2,0,1,0,1,3,0,3,0,0,0,0,1,1,1,1,3,1,0,0,0,1,1,1,1,1,0,3,6,0,0,1
136,1428,7.3,3,1,3,113,799.5,6,9,4,0,1.354,3.23,914.58,22,25,25,6,0,1,0,1,2,2,0,0,1,5,0,1,1,1,1,2,3,2,1,0,1,1,1,1,0,0,4,3,0,0,0
137,3089,12.3,7,4,5,269,1633.5,8,23,5,0,1.268,4.03,1463.22,63,88,44,16,1,1,0,0,3,2,0,1,1,8,0,4,4,4,5,9,2,0,0,0,1,1,1,0,1,0,4,5,0,0,0
138,1570,6.8,4,1,4,171,1063.0,10,14,5,0,1.287,3.51,852.94,33,60,21,5,0,1,0,1,3,3,1,0,1,7,5,3,2,3,3,7,1,1,1,0,1,0,0,0,0,2,4,2,0,0,0
139,1156,11.2,3,1,3,133,799.5,6,8,3,0,1.248,2.89,763.73,28,40,27,3,0,1,0,1,1,2,0,0,1,8,2,1,0,1,1,2,3,1,1,0,1,1,1,1,0,0,4,1,0,0,0
140,2325,4.8,5,1,4,208,1200.0,5,14,4,0,1.212,2.35,681.05,36,80,48,6,1,1,0,1,2,0,1,0,1,5,0,2,2,2,2,5,2,1,1,0,1,1,1,0,0,0,4,2,0,0,0
141,1198,2.8,2,1,3,113,653.5,10,6,2,0,1.319,2.78,898.71,20,43,19,3,0,1,0,1,2,2,1,0,0,0,0,1,1,1,1,3,1,1,1,0,1,0,0,1,1,3,3,2,0,0,0
142,1741,0.9,4,2,4,167,1143.0,8,14,5,0,1.311,3.06,846.37,23,66,31,6,0,1,1,1,1,2,2,0,1,6,0,2,2,2,2,4,1,1,2,1,1,1,1,1,0,0,4,1,0,0,0
143,1189,3.6,3,1,4,142,925.5,14,11,3,1,1.38,1.8,574.95,25,42,22,9,0,1,0,1,2,2,1,1,1,8,0,2,1,2,3,3,1,0,0,1,1,0,0,0,0,3,7,2,0,1,0
144,1451,4.3,4,1,3,137,855.5,6,11,4,1,1.314,2.74,883.18,35,43,24,3,1,1,0,1,2,1,1,0,1,6,0,2,1,2,2,3,0,1,0,0,1,0,0,0,0,3,1,1,0,1,0
145,2692,0.6,6,2,4,231,1350.5,6,18,4,1,1.208,4.32,1438.55,45,89,44,5,0,1,0,1,1,2,0,0,1,10,0,3,2,3,4,7,1,0,0,0,1,1,1,0,0,0,4,4,1,0,0
146,1889,9.9,4,2,4,181,1107.0,6,14,4,0,1.276,2.42,912.37,43,57,31,8,1,1,0,1,2,0,2,0,1,6,3,2,1,2,3,3,1,1,1,0,1,1,1,1,0,0,4,3,0,0,0
147,1793,1.8,4,1,4,176,1068.5,7,14,3,0,1.25,2.43,680.25,36,62,33,5,0,1,0,0,1,1,2,0,1,8,0,2,2,2,3,4,3,0,0,0,1,1,1,1,0,0,4,2,0,0,0
148,772,1.1,2,2,2,69,490.0,4,6,1,1,1.348,2.68,587.95,14,24,12,1,1,1,0,1,1,2,0,0,0,0,0,1,0,1,1,1,2,0,0,0,1,0,0,0,0,0,2,2,0,1,0
149,1797,5.3,4,1,4,169,1011.0,8,13,4,0,1.296,3.05,845.76,38,62,24,5,0,1,0,0,2,0,1,1,1,6,0,2,2,2,2,4,1,1,1,0,1,1,1,1,0,3,3,3,0,0,0
150,863,3.4,2,1,2,93,704.0,8,10,2,0,1.441,3.12,555.79,11,32,15,3,0,1,0,1,3,0,3,1,0,0,0,2,2,2,2,4,2,0,0,1,1,0,0,0,1,0,3,3,0,0,0
151,2879,3.1,6,1,4,217,1287.0,10,18,4,0,1.244,3.19,1212.22,42,84,40,5,1,1,0,1,3,2,0,0,1,5,0,3,3,3,3,5,1,0,0,0,1,1,1,1,0,2,6,2,0,0,0
152,1664,7.0,4,2,4,189,1185.5,12,14,4,0,1.296,3.16,822.84,34,58,43,6,1,1,0,1,2,1,3,0,1,6,0,2,1,2,3,4,2,1,1,0,1,1,1,1,0,2,6,4,0,0,0
153,740,26.9,1,1,4,147,699.0,6,5,2,0,1.184,1.9,756.23,29,62,25,6,0,0,0,0,3,1,0,0,0,0,0,1,1,1,1,2,3,1,0,0,1,0,0,0,1,0,4,5,0,0,0
154,813,1.8,1,2,2,79,416.0,7,5,1,0,1.241,3.1,496.99,20,24,12,3,0,0,0,0,2,1,0,0,0,0,0,1,1,1,1,3,1,0,0,0,1,0,0,0,1,0,5,2,0,0,0
155,1692,6.5,4,1,4,171,1213.0,9,16,5,0,1.327,2.45,952.01,32,58,24,6,1,1,1,1,2,4,0,0,1,9,3,2,2,2,3,5,2,1,0,0,1,1,1,1,0,2,3,2,0,0,0
156,2162,0.8,6,2,4,181,1186.0,6,17,4,0,1.298,2.64,678.62,43,65,31,5,0,1,1,1,1,0,1,0,0,0,0,3,3,3,3,6,2,0,1,0,1,1,1,1,1,2,2,2,0,0,0
157,1694,2.7,4,1,4,147,930.5,10,13,3,0,1.327,2.07,612.49,29,56,22,3,1,1,0,0,3,0,2,0,0,0,0,2,2,2,2,4,1,1,1,0,1,1,1,1,0,3,5,3,0,0,0
158,765,11.1,1,1,3,98,575.5,7,6,1,1,1.296,2.23,541.69,18,34,19,5,0,0,0,1,2,1,0,0,0,0,0,1,1,1,1,2,2,0,0,0,1,0,0,0,0,2,4,2,1,0,0
159,1342,3.6,3,2,4,150,954.0,10,10,4,0,1.32,2.17,811.29,21,50,31,5,0,1,0,1,2,0,2,1,1,5,4,2,1,2,2,5,2,1,1,0,1,0,0,1,1,2,4,1,0,0,0
160,2392,2.0,6,2,4,192,1138.0,7,16,3,0,1.266,2.95,829.77,38,68,42,9,0,1,0,0,2,0,1,0,0,0,0,3,3,3,3,7,1,0,0,0,1,1,1,1,0,2,4,1,0,0,0
161,940,1.2,2,2,3,104,729.5,8,10,3,0,1.346,2.62,722.38,16,38,17,0,0,1,0,1,2,2,0,0,0,0,0,2,2,2,2,4,3,1,1,0,1,0,0,0,1,2,3,3,0,0,0
162,1151,4.6,2,2,3,111,698.0,9,7,1,0,1.279,2.43,608.07,17,39,23,4,1,1,0,1,1,2,1,0,0,0,0,1,0,1,2,1,3,0,1,1,1,0,0,0,0,0,6,4,0,0,0
163,733,1.3,2,1,2,78,640.0,15,8,3,0,1.551,4.43,622.75,10,21,10,1,1,1,0,1,1,1,2,0,0,0,0,1,1,1,2,3,2,2,1,1,1,0,0,0,1,4,7,2,0,0,0
164,1670,2.9,3,2,3,138,910.0,9,10,3,0,1.29,4.08,1150.93,28,38,30,6,0,1,1,1,2,1,2,0,1,5,0,1,1,1,1,2,2,0,0,0,1,1,1,0,1,0,5,5,0,0,0
165,972,4.2,3,1,3,101,702.0,8,9,2,0,1.337,2.08,661.79,13,33,19,2,0,1,0,1,3,0,2,0,0,0,0,2,1,2,2,5,2,0,0,0,1,0,0,1,1,0,5,5,0,0,0
166,1108,1.2,2,2,3,97,693.5,7,9,3,1,1.392,2.4,683.34,9,40,16,2,0,1,0,1,2,1,2,0,0,0,0,2,1,2,2,4,1,1,1,0,1,0,0,0,1,0,3,3,0,1,0
167,1408,11.6,4,1,4,159,975.5,7,13,3,0,1.245,2.72,806.94,26,58,29,2,0,1,0,1,2,0,2,0,1,6,4,2,2,2,2,4,2,0,0,0,1,1,1,0,1,0,4,5,0,0,0
168,2010,3.7,5,1,4,185,1205.5,9,17,4,0,1.286,2.57,1052.32,30,65,35,7,1,1,0,1,2,2,0,2,1,8,0,3,2,3,3,7,1,0,0,0,1,1,1,0,0,0,5,3,0,0,0
169,990,14.7,2,3,4,127,825.0,11,10,3,0,1.378,2.12,618.76,27,37,21,5,0,1,0,1,2,1,3,0,0,0,0,2,2,2,2,4,1,1,1,1,1,0,0,1,1,2,4,4,0,0,0
170,1179,5.1,2,1,2,84,503.0,3,5,1,0,1.298,2.7,559.95,17,33,15,3,0,1,0,1,1,0,2,0,0,0,0,1,0,1,1,1,1,0,0,1,1,0,0,1,0,0,1,2,0,0,0
171,1067,4.1,3,1,3,130,837.0,8,9,3,0,1.292,3.64,798.15,15,47,25,5,0,1,0,1,2,2,1,0,1,9,0,1,1,1,1,2,2,1,1,0,1,1,1,1,0,0,5,2,0,0,0
172,2178,5.3,6,2,4,198,1163.0,6,14,3,0,1.278,2.48,676.98,39,72,41,14,1,1,0,1,2,1,1,0,0,0,0,3,0,3,3,5,1,0,0,1,1,1,1,1,0,0,4,1,0,0,0
173,1835,20.7,4,2,4,199,1240.0,9,14,5,1,1.322,3.47,1214.58,31,71,39,14,0,1,0,1,1,2,2,0,1,7,0,2,2,2,2,3,3,1,1,0,1,1,1,1,0,2,3,3,0,0,1
174,1736,8.0,4,1,4,163,1021.5,9,13,3,0,1.313,2.71,907.06,35,44,34,6,0,1,0,1,2,0,4,0,1,9,0,2,2,2,2,4,2,0,0,0,1,1,1,0,1,2,2,4,0,0,0
175,2044,5.0,5,2,4,151,1018.5,8,16,3,0,1.331,3.98,1043.16,32,57,23,4,1,1,0,1,1,3,0,1,0,0,0,3,2,3,3,5,2,0,0,0,1,1,1,1,1,0,3,1,0,0,0
176,1016,3.2,2,1,2,95,602.0,8,7,1,0,1.295,3.66,677.76,21,28,17,1,0,1,0,1,2,1,3,0,0,0,0,1,1,1,2,3,3,0,0,0,1,0,0,0,0,0,4,4,0,0,0
177,894,16.9,2,3,4,117,623.5,12,6,1,0,1.282,2.32,738.12,27,42,16,6,0,1,0,1,2,0,2,0,0,0,0,1,0,1,2,3,1,0,0,0,1,0,0,0,1,2,7,1,0,0,0
178,3270,3.6,8,1,5,247,1463.0,10,20,5,0,1.271,2.61,892.09,54,90,40,11,0,1,0,1,1,1,1,0,1,6,0,4,3,4,4,7,2,0,0,0,1,1,1,1,1,3,4,4,0,0,0
179,1213,11.2,3,1,4,154,991.0,8,12,4,1,1.325,1.96,657.52,31,56,21,7,0,1,0,1,3,1,1,0,1,5,0,2,2,2,2,4,1,1,0,0,1,0,0,1,1,2,3,3,1,0,0
180,1652,0.2,4,2,4,155,1064.5,5,15,3,0,1.31,2.76,1075.46,27,42,32,7,1,1,0,1,3,2,1,0,1,9,4,2,2,2,3,5,1,0,0,0,1,1,1,1,0,0,2,3,0,0,0
181,3046,5.2,7,1,5,246,1540.5,7,21,6,0,1.289,3.56,1429.6,45,83,50,14,0,1,0,1,2,0,2,0,1,8,0,4,4,4,4,7,1,1,1,0,1,1,1,1,0,2,3,4,0,0,0
182,1241,5.0,2,1,3,116,816.0,14,9,2,2,1.448,2.46,609.83,23,34,19,3,1,1,0,1,2,1,2,1,0,0,0,1,1,1,2,2,1,1,1,0,1,0,0,1,1,3,6,4,1,1,0
183,1442,5.0,4,1,3,127,925.0,6,14,4,1,1.394,3.61,655.09,21,43,19,4,0,1,0,1,2,2,1,0,1,5,0,2,2,2,3,3,0,1,1,0,1,1,1,1,1,0,2,5,0,1,0
184,2092,4.2,5,3,5,186,1192.0,8,16,5,0,1.296,2.75,1090.91,29,69,35,4,1,1,0,1,3,1,1,1,1,7,3,3,0,3,4,5,0,1,1,1,1,1,1,0,1,0,4,3,0,0,0
185,1464,7.9,3,1,4,150,954.5,8,13,3,0,1.28,2.85,953.25,24,51,23,7,0,1,0,1,2,2,0,0,1,8,4,2,1,2,3,5,1,0,0,0,1,1,1,0,1,0,5,3,0,0,0
186,1096,5.1,2,2,2,87,582.0,13,6,1,0,1.402,2.97,462.72,14,23,16,3,0,1,0,1,2,1,1,1,0,0,0,1,0,1,2,3,2,0,0,0,1,0,0,1,1,2,7,3,0,0,0
187,1139,4.6,3,1,3,127,882.5,10,11,4,0,1.409,2.8,624.02,21,51,16,2,1,1,0,0,2,1,2,0,0,0,0,2,0,2,2,4,3,2,2,0,1,1,1,1,1,3,3,2,0,0,0
188,1941,5.6,4,1,4,179,964.5,8,11,2,0,1.263,3.33,1107.17,49,55,36,9,0,1,0,1,2,1,3,0,0,0,0,2,2,2,3,4,1,0,0,0,1,0,0,0,1,2,1,3,0,0,0
189,955,5.5,2,1,3,104,640.5,12,6,1,1,1.346,2.57,671.05,16,40,15,2,1,1,0,1,2,1,2,0,0,0,0,1,0,1,1,2,2,0,1,0,1,0,0,0,1,2,6,4,0,1,0
190,1312,8.2,3,2,4,142,928.0,10,12,3,0,1.324,2.65,689.16,26,43,26,6,0,1,0,1,1,2,0,0,1,6,0,2,0,2,3,5,2,0,0,0,1,1,1,1,1,2,5,3,0,0,0
191,2874,2.0,7,1,5,258,1639.0,11,22,6,0,1.287,2.94,950.43,50,78,60,13,1,1,0,1,1,2,3,0,1,5,0,4,4,4,4,9,2,1,1,1,1,1,1,1,0,0,6,2,0,0,0
192,2218,2.1,5,2,4,196,1245.0,7,19,5,1,1.281,4.03,1303.55,41,71,33,6,1,1,0,1,2,1,1,0,1,7,0,3,2,3,4,6,1,0,0,0,1,1,1,0,1,0,4,2,0,0,1
193,2094,11.2,5,1,4,214,1270.5,7,17,4,0,1.252,2.94,807.97,45,75,38,8,0,1,0,1,3,0,1,1,1,6,0,3,3,3,3,6,1,0,1,0,1,1,1,1,0,0,5,5,0,0,0
194,1095,2.1,2,3,4,111,679.5,13,6,1,0,1.351,2.2,666.36,20,36,21,5,1,1,0,1,1,2,2,0,0,0,0,1,0,1,1,2,2,0,1,1,1,0,0,1,1,2,6,1,0,0,0
195,2382,9.6,6,1,4,210,1254.5,5,14,5,0,1.271,2.63,916.17,42,71,45,8,0,1,0,1,2,0,2,0,1,8,0,3,0,3,3,5,3,1,1,1,1,1,1,1,0,1,2,2,0,0,0
196,1488,5.6,3,1,4,157,885.0,5,9,2,0,1.255,2.8,781.59,30,60,32,7,0,1,0,1,2,0,2,0,0,0,0,1,1,1,2,2,2,1,1,0,1,1,1,1,0,0,3,4,0,0,0
197,1047,3.2,2,2,2,92,600.0,11,7,1,0,1.413,5.14,945.89,19,33,13,3,1,1,0,1,1,0,1,1,0,0,0,1,0,1,2,1,1,0,0,0,1,0,0,1,1,4,4,1,0,0,0
198,2375,15.6,6,1,4,213,1331.5,7,15,6,0,1.272,3.23,1212.91,38,82,37,10,0,1,1,1,1,3,1,0,1,8,0,3,0,3,3,6,1,1,1,0,1,1,1,1,1,0,2,4,0,0,0
199,1085,2.7,2,1,3,100,578.5,9,7,1,0,1.29,2.85,953.92,25,31,16,2,0,1,0,1,2,1,1,0,0,0,0,1,1,1,2,2,1,0,0,0,1,0,0,0,0,3,4,4,0,0,0
200,1928,21.5,4,4,5,203,1259.5,8,13,5,0,1.227,3.51,1207.13,32,74,47,5,0,1,1,1,2,3,1,0,1,6,3,2,2,2,3,5,4,1,1,0,1,0,0,0,0,0,4,1,0,0,0
201,2112,0.6,6,4,5,170,1133.0,6,17,4,0,1.306,2.61,1090.52,29,64,21,8,0,1,0,1,3,1,1,0,1,7,0,3,3,3,3,7,2,0,0,0,1,1,1,0,1,0,3,5,0,0,0
202,1297,5.2,3,1,4,156,1050.5,8,14,3,0,1.321,2.5,766.41,28,54,21,8,1,1,0,1,1,1,0,0,1,7,2,2,1,2,3,4,4,0,0,0,1,1,1,0,1,2,4,4,0,0,0
203,946,0.6,2,3,3,87,549.5,10,7,1,0,1.356,2.29,635.44,21,30,10,1,1,1,0,1,2,2,2,0,0,0,0,1,1,1,1,1,1,0,0,0,1,0,0,0,0,3,3,3,0,0,0
204,1490,3.6,4,1,4,144,1030.5,7,15,4,0,1.326,2.93,696.17,24,45,29,5,1,1,0,1,1,0,1,1,1,4,0,2,2,2,3,5,2,1,1,0,1,1,1,0,0,0,5,4,0,0,0
205,2836,2.9,6,1,4,204,1155.0,7,13,4,0,1.221,2.97,869.81,36,86,38,5,0,1,0,0,1,0,2,0,1,6,0,2,1,2,3,3,3,1,1,0,1,1,1,1,0,0,5,3,0,0,0
206,2301,10.7,5,2,4,200,1095.5,4,11,6,1,1.21,2.5,1136.2,42,67,45,6,0,1,0,1,3,2,0,0,1,8,4,2,1,2,2,4,1,2,1,0,1,0,0,0,0,0,2,1,0,0,1
207,1144,2.5,2,1,3,118,722.5,9,7,2,0,1.297,2.18,487.75,22,39,25,4,1,1,0,0,3,3,0,0,0,0,0,1,0,1,2,2,2,1,0,1,1,0,0,1,1,0,5,2,0,0,0
208,2733,8.8,6,2,4,235,1357.5,10,17,5,0,1.243,3.7,1253.37,46,76,59,9,0,1,0,0,1,1,3,0,1,6,0,3,3,3,3,5,0,1,1,0,1,1,1,1,1,0,5,3,0,0,0
209,1326,5.8,3,1,3,130,803.0,9,8,2,0,1.277,2.4,605.01,22,47,22,6,1,1,0,1,2,1,2,0,1,7,0,1,0,1,2,1,3,0,0,0,1,0,0,0,1,0,5,2,0,0,0
210,1535,3.5,4,1,3,139,848.0,10,10,4,0,1.281,2.84,671.2,30,39,26,5,0,1,0,1,1,1,2,0,1,9,0,2,0,2,3,4,0,1,0,0,1,0,0,0,0,2,5,3,0,0,0
211,1462,0.4,4,1,3,117,779.5,6,10,3,0,1.342,2.79,639.03,18,40,29,2,0,1,0,1,2,1,1,0,0,0,0,2,2,2,2,4,1,1,2,0,1,0,0,1,1,2,1,0,0,0,0
212,1975,4.1,5,3,5,186,1227.5,9,17,4,0,1.366,2.7,1363.74,41,51,30,14,1,1,0,1,3,0,2,0,1,5,3,3,2,3,3,7,1,0,1,1,1,1,1,0,1,3,3,2,0,0,0
213,2667,1.8,7,2,4,199,1375.5,6,21,5,0,1.327,3.91,1523.3,33,57,44,14,0,1,0,1,2,2,1,0,1,7,3,4,4,4,4,8,2,0,0,0,1,1,1,0,1,0,2,1,0,0,0
214,923,6.9,3,1,3,99,837.0,10,13,3,1,1.434,2.55,640.53,6,33,16,2,0,1,0,1,2,1,1,0,1,7,0,2,1,2,2,4,2,0,0,1,1,1,1,0,1,0,7,2,1,0,0
215,3464,14.4,8,2,5,303,1688.0,8,23,6,1,1.201,3.82,1751.93,62,117,62,7,0,1,0,1,1,1,1,0,1,7,0,4,4,4,5,8,1,0,0,0,1,1,1,1,0,0,6,5,0,0,1
216,545,7.4,1,3,3,67,477.0,6,6,2,1,1.463,2.72,636.83,7,20,13,3,0,0,0,1,3,1,0,0,0,0,0,1,1,1,1,2,3,0,0,1,1,0,0,0,0,2,3,2,0,0,1
217,1193,4.2,3,1,3,117,807.0,8,11,4,0,1.368,2.55,679.13,24,36,14,6,0,1,0,1,2,2,0,0,1,5,0,2,1,2,3,4,1,1,1,0,1,0,0,0,0,3,3,3,0,0,0
218,2014,7.9,5,4,5,171,1107.0,9,16,4,1,1.31,2.61,971.59,35,58,29,6,1,1,0,1,2,1,1,0,1,7,0,2,2,2,3,3,1,0,0,1,1,1,1,1,1,0,6,2,0,0,1
219,2305,14.9,6,1,4,221,1343.0,6,18,5,1,1.267,3.86,1078.4,43,88,39,5,0,1,0,1,1,0,1,1,1,7,0,3,3,3,4,6,2,1,0,0,1,1,1,1,1,0,3,2,0,1,0
220,1200,1.2,2,1,3,111,782.0,9,10,2,0,1.405,2.52,544.1,23,40,13,3,1,1,0,1,1,2,1,0,0,0,0,2,1,2,2,3,4,0,0,1,1,0,0,1,1,3,2,2,0,0,0
221,1786,4.9,4,2,4,177,1118.5,9,13,5,1,1.311,3.86,1095.48,33,65,28,8,1,1,0,1,1,1,2,0,1,8,0,2,0,2,2,3,3,1,1,0,1,1,1,1,1,0,5,2,0,0,1
222,1232,5.4,2,1,3,101,574.0,11,6,2,0,1.317,2.55,746.25,28,32,12,3,0,1,0,1,2,1,1,1,0,0,0,1,1,1,1,2,1,1,1,0,1,0,0,0,0,2,6,1,0,0,0
223,1512,4.3,3,1,4,150,1040.0,8,14,4,0,1.373,2.48,794.1,26,51,24,6,1,1,0,1,3,1,0,0,1,6,0,2,2,2,2,4,2,1,1,1,1,1,1,1,1,3,3,1,0,0,0
224,1165,4.9,3,1,3,125,1018.5,7,16,4,1,1.424,2.98,774.66,18,43,19,2,1,1,0,1,2,0,2,0,1,6,0,2,2,2,3,3,1,1,1,1,1,1,1,1,1,0,4,3,1,0,0
225,1068,4.9,3,1,3,114,889.0,10,14,4,0,1.412,2.87,633.95,20,28,20,2,1,1,0,1,1,1,1,0,1,7,0,2,2,2,2,5,1,1,1,1,1,1,1,0,0,3,5,2,0,0,0
226,1296,3.5,3,1,3,110,791.0,7,9,2,0,1.391,2.43,462.65,7,35,25,5,0,1,0,1,2,0,2,2,1,6,4,1,1,1,1,2,2,0,0,0,1,1,1,1,1,0,2,4,0,0,0
227,1900,2.9,5,1,4,177,1141.0,9,17,6,1,1.294,2.98,937.09,36,55,32,4,0,1,0,0,2,2,0,0,1,7,3,3,2,3,3,6,1,1,1,1,1,1,1,0,1,0,6,2,0,0,1
228,2335,6.1,5,2,4,202,1295.0,8,17,4,0,1.307,3.29,1203.36,34,68,38,14,0,1,0,1,1,3,1,0,1,7,0,3,3,3,3,7,2,0,0,1,1,1,1,1,1,0,3,3,0,0,0
229,1125,2.7,3,1,3,99,802.0,8,13,4,1,1.545,2.01,696.65,16,33,14,4,0,1,0,1,2,1,0,2,0,0,0,2,2,2,2,4,2,1,0,0,1,1,1,1,0,3,2,0,0,0,1
230,2267,14.7,5,1,4,204,1195.5,7,14,5,0,1.24,2.64,741.74,45,64,42,6,0,1,0,1,2,1,0,0,1,9,0,3,0,3,3,5,2,1,1,0,1,1,1,1,1,0,5,4,0,0,0
231,1101,8.4,3,2,3,126,953.0,8,14,4,0,1.365,2.76,698.62,13,45,21,3,1,1,0,1,2,0,2,0,1,7,0,2,2,2,2,5,1,1,1,0,1,1,1,1,1,0,5,3,0,0,0
232,1261,6.6,4,1,4,143,1010.0,9,15,3,0,1.357,2.82,1150.09,20,43,36,7,1,1,0,1,1,1,1,0,1,4,0,2,2,2,3,4,1,0,0,0,1,1,1,0,1,3,3,2,0,0,0
233,1746,10.0,4,2,4,173,1026.0,11,12,3,0,1.312,3.33,1056.26,32,57,28,9,0,1,0,1,2,0,2,0,1,8,5,2,1,2,2,4,1,0,2,0,1,1,1,0,1,4,4,1,0,0,0
234,2025,3.2,5,1,4,168,1032.0,7,14,2,0,1.274,2.19,741.14,35,53,41,8,1,1,0,1,1,1,1,0,0,0,0,2,2,2,3,4,1,0,0,0,1,1,1,1,1,0,4,2,0,0,0
235,1547,6.4,3,1,3,139,956.0,5,13,5,0,1.317,3.37,783.92,23,42,33,2,0,1,0,1,3,0,2,0,1,5,0,2,2,2,2,3,1,2,1,0,1,1,1,1,0,0,3,4,0,0,0
236,1715,4.4,4,1,4,158,1158.0,11,17,6,0,1.411,2.61,880.78,19,51,25,10,0,1,0,1,3,0,2,0,1,7,3,3,3,3,3,6,1,2,1,0,1,1,1,0,1,3,5,1,0,0,0
237,2047,7.4,5,1,4,186,1394.0,10,19,7,1,1.409,2.62,947.58,26,61,38,10,1,1,1,1,3,0,2,1,1,6,0,3,2,3,3,5,1,1,1,0,1,1,1,1,1,3,3,3,0,0,1
238,997,2.9,3,1,3,131,998.5,9,14,5,0,1.389,2.97,755.06,16,42,19,3,1,1,0,1,3,1,1,0,1,9,3,2,2,2,2,5,2,2,1,0,1,1,1,1,0,2,5,1,0,0,0
239,1505,0.6,3,1,3,114,678.0,8,7,2,0,1.289,2.67,694.69,19,43,19,3,0,1,0,1,2,1,2,0,0,0,0,1,0,1,1,3,1,1,1,0,1,1,1,1,0,0,5,5,0,0,0
240,1626,3.2,3,1,4,146,755.0,9,6,2,1,1.24,2.21,696.84,26,56,30,8,0,1,0,1,3,3,0,0,0,0,0,1,0,1,1,2,1,0,0,0,1,0,0,1,1,0,5,3,0,0,1
241,1102,5.8,3,1,3,108,693.0,11,9,1,1,1.37,2.63,1035.48,21,35,19,2,0,1,0,1,3,1,1,0,0,0,0,1,1,1,2,1,2,0,0,0,1,1,1,1,0,2,7,2,0,1,0
242,2697,1.7,7,1,4,232,1491.5,8,22,6,0,1.289,3.87,1238.5,42,91,31,6,0,1,0,1,2,2,1,0,1,7,4,4,4,4,5,9,3,1,1,1,1,1,1,0,1,1,3,3,0,0,0
243,555,4.7,1,1,2,44,305.5,9,5,1,0,1.386,2.21,416.9,7,12,6,0,0,0,0,0,1,0,1,0,0,0,0,1,0,1,2,2,1,0,0,0,1,0,0,0,1,0,7,1,0,0,0
244,2227,4.1,5,1,4,162,980.5,9,13,2,1,1.333,3.02,762.17,31,66,26,6,1,1,0,1,3,0,1,1,0,0,0,2,2,2,2,4,1,0,0,0,1,1,1,0,1,3,3,1,0,1,0
245,1501,7.6,4,1,4,156,1004.0,12,12,4,0,1.359,2.78,1012.83,28,46,30,6,0,1,0,0,2,2,0,2,1,5,3,2,1,2,2,3,2,1,1,1,1,1,1,0,1,3,4,4,0,0,0
246,2964,10.0,7,4,5,254,1514.5,9,21,5,0,1.252,3.31,1544.49,49,95,52,6,0,1,0,0,1,0,2,1,1,8,0,4,3,4,5,8,3,0,0,0,1,1,1,0,0,3,3,2,0,0,0
247,787,7.3,1,2,3,101,599.5,10,7,1,1,1.317,2.82,753.69,22,27,23,4,0,0,0,1,1,1,0,0,0,0,0,1,1,1,2,1,1,0,0,0,1,0,0,0,1,3,5,4,1,0,0
248,2790,10.6,7,1,4,249,1456.0,11,16,5,0,1.261,3.27,1050.92,39,90,55,15,0,1,0,0,2,3,0,0,1,6,0,3,2,3,3,6,3,1,2,0,1,1,1,1,0,2,6,2,0,0,0
249,1261,11.4,3,1,4,141,876.0,7,9,3,0,1.255,2.38,957.47,16,50,28,5,0,1,0,0,2,2,1,0,1,9,3,2,0,2,2,5,2,0,0,0,1,0,0,1,1,0,3,4,0,0,0
250,1961,2.8,5,1,4,169,1202.0,6,13,6,1,1.349,3.21,1127.61,25,57,29,11,0,1,1,1,2,1,1,0,1,9,0,3,0,3,3,6,2,1,2,0,1,0,0,1,1,0,3,3,0,1,0
251,954,13.0,3,1,3,111,757.0,13,9,2,1,1.405,3.66,1048.58,23,32,17,3,1,1,0,1,1,1,2,2,1,5,0,1,1,1,2,1,1,0,2,0,1,0,0,0,0,2,6,2,0,1,0
252,1028,2.3,3,1,3,101,838.5,5,13,3,0,1.446,1.86,388.14,10,26,23,7,1,1,0,1,2,1,0,0,0,0,0,2,2,2,2,5,1,1,1,1,1,1,1,0,1,0,3,5,0,0,0
253,1201,3.6,3,1,3,131,952.5,4,13,4,1,1.351,2.86,617.52,26,42,19,4,1,1,0,1,2,1,1,0,1,8,0,2,2,2,3,4,2,1,1,0,1,0,0,1,0,0,2,2,0,1,0
254,782,4.8,2,1,2,86,630.5,9,8,2,0,1.372,2.62,471.0,8,24,21,4,0,1,0,1,2,1,2,0,0,0,0,2,0,2,2,4,2,0,1,0,1,0,0,0,0,0,6,2,0,0,0
255,1820,1.1,4,1,4,162,1107.5,12,13,4,1,1.346,2.89,759.85,30,56,23,6,0,1,1,1,3,0,2,0,1,7,3,2,1,2,3,5,1,0,0,0,1,0,0,1,1,4,5,1,1,0,0
256,1150,8.8,3,1,3,134,853.5,12,10,3,0,1.328,2.83,864.26,29,37,18,7,0,1,0,0,3,1,1,0,1,8,0,1,1,1,2,2,3,1,1,0,1,1,1,0,1,1,8,3,0,0,0
257,1552,22.4,4,2,4,193,1162.5,6,14,3,0,1.254,3.5,1284.9,31,82,30,7,1,1,0,1,3,1,0,1,1,7,0,2,1,2,3,5,3,0,0,0,1,1,1,0,1,0,3,4,0,0,0
258,2338,1.6,6,1,4,185,1232.0,5,18,4,0,1.297,3.7,979.23,28,70,32,10,1,1,0,1,2,2,0,0,1,6,2,3,3,3,3,6,1,0,0,0,1,1,1,1,1,0,2,3,0,0,0
259,3046,8.0,7,3,5,256,1558.0,7,22,6,1,1.25,3.62,1739.79,41,94,57,11,0,1,0,0,2,0,1,0,1,7,0,4,4,4,4,9,1,0,0,0,1,1,1,1,0,1,5,4,0,0,1
260,2415,16.3,6,1,4,220,1361.0,11,18,5,0,1.255,3.55,1078.5,43,82,43,6,0,1,1,1,1,1,0,0,1,6,0,3,2,3,4,6,2,0,0,0,1,1,1,0,1,3,6,1,0,0,0
261,1537,3.3,4,2,4,159,1041.5,4,14,4,0,1.283,2.0,552.47,36,47,31,6,1,1,0,0,2,1,0,0,1,7,0,2,1,2,3,4,2,1,1,0,1,1,1,1,0,0,3,3,0,0,0
262,1122,8.8,2,2,3,129,720.0,6,6,3,0,1.233,3.07,785.52,30,43,24,5,0,1,0,1,1,1,1,0,0,0,0,1,1,1,1,3,2,2,0,0,1,0,0,1,0,0,4,5,0,0,0
263,2329,5.5,6,1,4,217,1261.0,6,16,4,1,1.29,4.49,1087.04,56,75,36,11,0,1,0,1,1,0,3,0,0,0,0,3,2,3,3,6,4,0,0,0,1,1,1,1,0,2,1,4,0,0,1
264,1222,4.5,3,2,3,122,961.5,5,14,4,0,1.41,2.95,1079.53,21,37,14,6,1,1,0,1,3,2,1,0,1,8,0,2,2,2,2,4,3,1,1,0,1,1,1,1,0,0,2,3,0,0,0
265,994,5.6,3,1,3,110,674.0,6,7,3,0,1.264,2.7,495.39,20,37,22,2,0,1,0,1,1,3,0,0,1,5,0,1,0,1,2,3,0,1,1,0,1,0,0,1,1,0,2,3,0,0,0
266,2327,8.1,5,2,4,226,1268.5,11,15,4,1,1.252,3.42,974.29,52,78,37,5,0,1,0,1,3,0,2,0,1,9,3,3,3,3,3,6,2,0,0,0,1,0,0,1,0,4,5,2,0,1,0
267,805,13.2,1,4,4,96,506.0,3,4,2,0,1.26,1.94,833.39,21,38,15,5,0,0,0,1,1,0,1,0,0,0,0,1,0,1,1,1,2,1,1,1,1,0,0,0,0,0,2,2,0,0,0
268,1278,4.9,3,3,4,128,836.0,7,10,2,1,1.297,2.52,895.08,22,42,24,4,1,1,0,0,2,0,2,0,1,8,0,1,1,1,1,3,3,0,0,0,1,1,1,0,0,0,5,2,0,1,0
269,2394,7.7,6,1,4,204,1257.0,11,17,4,0,1.299,4.05,1545.75,29,85,29,10,0,1,0,1,2,2,0,0,1,5,3,3,3,3,3,5,1,0,0,1,1,1,1,1,1,3,5,4,0,0,0
270,601,19.6,1,1,3,101,534.5,7,5,1,0,1.267,2.43,679.0,19,33,26,3,0,0,0,1,2,0,1,0,0,0,0,1,0,1,2,2,2,0,0,0,1,0,0,0,0,3,3,1,0,0,0
271,1899,6.0,5,2,4,186,1108.5,8,14,3,0,1.247,2.99,1137.34,26,70,41,5,0,1,0,1,2,2,0,0,1,6,4,2,2,2,3,4,2,0,0,0,1,1,1,0,0,3,3,3,0,0,0
272,775,1.2,2,1,2,83,630.5,10,10,3,0,1.458,3.08,408.03,19,17,12,3,0,1,0,1,2,2,1,0,0,0,0,2,2,2,2,4,0,1,1,0,1,0,0,0,1,2,4,3,0,0,0
273,753,4.1,2,1,2,75,524.0,7,6,1,0,1.387,3.58,726.74,12,20,16,2,1,1,0,1,3,1,1,0,0,0,0,1,0,1,1,3,1,0,0,0,1,0,0,0,1,2,2,4,0,0,0
274,536,5.1,2,1,2,41,448.0,4,8,3,0,1.659,1.93,355.48,5,7,5,2,0,1,0,0,2,1,1,0,0,0,0,2,0,2,2,4,1,1,0,0,1,0,0,0,0,0,2,2,0,0,0
275,3091,4.1,7,1,5,230,1380.0,10,17,4,0,1.252,2.73,942.8,47,90,45,6,1,1,1,1,1,2,1,0,0,0,0,3,2,3,3,7,2,0,1,0,1,1,1,1,0,3,4,2,0,0,0
276,1577,1.7,4,1,4,161,1035.5,11,12,4,0,1.348,3.01,927.36,24,53,27,7,0,1,0,1,2,2,2,0,1,7,3,2,1,2,2,4,1,1,2,1,1,1,1,1,0,3,4,4,0,0,0
277,1856,5.5,5,2,4,170,1054.5,8,13,3,0,1.288,3.92,970.81,27,62,28,10,0,1,0,1,2,2,0,0,1,6,0,2,2,2,2,5,2,0,0,0,1,1,1,1,0,2,4,5,0,0,0
278,2141,16.8,5,1,4,216,1150.0,11,13,3,1,1.245,2.87,1069.49,42,85,42,8,0,1,0,1,2,1,1,0,0,0,0,2,2,2,2,4,1,0,0,1,1,1,1,1,0,3,6,5,0,0,1
279,2442,2.4,5,1,4,181,1157.0,8,14,4,0,1.254,2.71,886.21,37,51,43,5,1,1,1,1,3,4,0,0,1,6,5,2,1,2,2,4,1,0,0,1,1,1,1,0,0,0,4,2,0,0,0
280,1471,7.5,4,2,4,149,992.5,6,14,3,0,1.282,2.53,792.02,23,55,30,2,1,1,0,1,1,1,1,0,1,6,0,2,1,2,3,4,1,0,1,0,1,1,1,1,1,0,3,4,0,0,0
281,2107,20.0,5,1,4,201,1116.5,12,14,2,0,1.264,2.32,909.21,50,66,39,10,1,1,0,1,2,1,3,0,0,0,0,2,2,2,3,3,1,0,0,0,1,1,1,0,0,2,6,3,0,0,0
282,1895,5.7,5,2,4,181,1145.0,7,14,4,0,1.293,3.51,856.14,32,61,38,10,1,1,0,1,2,1,0,0,1,6,0,2,2,2,2,3,2,1,1,0,1,1,1,1,0,2,4,2,0,0,0
283,1273,3.3,3,1,3,127,891.0,7,14,3,0,1.307,2.9,775.94,23,41,23,0,1,1,0,1,2,1,1,0,1,7,0,2,2,2,2,4,1,0,0,1,1,1,1,0,1,0,4,3,0,0,0
284,3087,14.1,8,3,5,276,1593.0,4,22,5,0,1.217,3.44,1201.77,53,110,55,10,0,1,0,1,2,2,0,0,1,6,0,4,4,4,5,7,2,0,1,0,1,1,1,0,0,0,2,3,0,0,0
285,2032,1.1,5,2,4,191,1294.5,10,17,5,0,1.346,3.03,1169.97,29,62,34,11,1,1,0,1,3,1,1,1,1,9,3,3,2,3,3,5,1,1,2,1,1,1,1,1,1,0,6,1,0,0,0
286,1871,13.9,5,1,4,182,1252.0,6,17,6,1,1.33,2.76,766.58,38,55,32,12,0,1,1,1,2,1,1,0,1,7,0,3,0,3,4,6,1,0,0,1,1,1,1,0,0,0,4,4,0,0,1
287,412,18.1,1,1,2,84,489.0,10,5,4,1,1.369,2.5,534.83,17,25,13,5,0,0,0,0,1,1,0,0,0,0,0,1,1,1,1,3,1,2,0,0,0,0,0,0,1,3,5,2,0,0,1
288,2007,10.8,4,2,4,173,1032.5,10,12,3,0,1.283,2.4,1025.84,36,60,29,9,1,1,0,1,1,0,3,0,1,6,0,2,2,2,2,3,1,0,0,0,1,0,0,1,0,3,4,4,0,0,0
289,2015,4.2,5,1,4,189,1248.5,13,16,6,0,1.323,3.18,993.95,24,68,37,8,0,1,0,1,2,3,1,0,1,5,0,3,2,3,3,6,2,2,1,0,1,1,1,1,0,2,7,3,0,0,0
290,1356,12.8,4,1,4,161,1092.5,10,13,5,1,1.36,2.53,838.82,33,52,28,5,1,1,0,1,1,2,1,0,1,7,0,2,0,2,2,3,2,2,1,0,1,1,1,1,1,3,3,2,1,0,0
291,1288,3.8,3,1,3,138,972.0,10,14,3,0,1.355,3.14,658.09,26,41,24,3,1,1,0,1,2,1,0,1,1,7,0,2,2,2,2,4,2,0,1,0,1,1,1,1,1,2,5,2,0,0,0
292,1982,2.8,4,2,4,166,1037.0,8,12,4,0,1.289,2.8,682.82,35,54,27,5,0,1,0,0,2,1,2,0,1,8,3,2,2,2,3,3,4,1,1,0,1,0,0,1,0,2,3,2,0,0,0
293,1055,3.7,3,1,3,95,840.0,8,13,4,0,1.547,2.66,631.31,12,24,8,5,0,1,0,1,2,0,3,1,1,8,4,2,2,2,2,3,2,1,1,0,1,1,1,1,1,0,3,2,0,0,0
294,1629,5.1,4,2,4,162,1007.5,8,13,3,0,1.265,2.57,866.12,30,61,25,2,0,1,0,1,1,0,3,0,1,9,0,2,2,2,2,5,3,0,0,0,1,1,1,1,1,0,4,3,0,0,0
295,2205,3.7,5,1,4,185,1161.5,7,17,3,0,1.303,3.17,969.1,47,54,38,9,1,1,0,1,3,1,2,0,0,0,0,3,2,3,4,5,2,0,0,0,1,1,1,0,1,0,3,2,0,0,0
296,1506,2.5,4,1,4,159,954.0,9,12,4,0,1.283,2.75,1017.1,33,56,25,5,0,1,0,1,2,0,2,0,1,5,0,2,1,2,2,5,1,1,1,0,1,1,1,0,0,2,5,3,0,0,0
297,2367,4.2,6,1,4,233,1391.5,10,16,5,1,1.296,2.65,1179.59,44,86,45,11,1,1,0,1,3,1,3,0,1,5,0,3,0,3,3,7,0,1,1,1,1,1,1,0,1,2,3,2,1,0,0
298,2522,4.4,6,1,4,222,1353.5,10,18,5,0,1.279,4.35,1310.0,50,74,39,7,0,1,0,1,1,2,0,0,1,7,0,3,3,3,4,6,3,1,1,0,1,1,1,1,1,3,4,3,0,0,0
299,1168,6.9,3,1,3,112,837.5,6,13,3,0,1.366,2.91,721.54,20,30,19,7,0,1,0,1,1,1,1,0,1,6,0,2,1,2,3,4,2,0,0,0,1,1,1,0,0,0,4,3,0,0,0
300,1074,8.1,3,1,3,132,848.0,8,12,3,0,1.273,3.52,834.84,23,43,25,3,0,1,0,1,1,2,0,0,1,7,0,2,1,2,2,5,0,0,0,0,1,1,1,1,1,0,5,3,0,0,0
301,2300,4.1,5,1,4,206,1320.0,9,16,6,0,1.277,2.79,970.58,29,76,43,8,1,1,0,1,2,1,2,0,1,5,3,3,3,3,3,7,2,2,1,0,1,0,0,1,1,0,5,1,0,0,0
302,2398,19.5,6,1,4,239,1391.5,7,18,4,0,1.259,3.34,1049.26,57,87,36,11,0,1,0,1,2,1,0,1,1,8,0,3,3,3,4,6,3,0,0,1,1,1,1,1,1,0,4,1,0,0,0
303,1902,2.6,4,1,4,165,1046.5,6,14,4,0,1.261,3.2,1047.2,33,50,30,7,0,1,0,1,1,1,1,0,1,6,4,3,2,3,3,7,2,0,0,0,1,0,0,0,1,0,3,4,0,0,0
304,1518,7.0,3,2,4,155,883.0,8,9,3,1,1.245,2.66,839.46,35,60,29,2,1,1,0,1,2,2,0,0,0,0,0,1,0,1,1,2,1,2,0,0,1,1,1,1,0,1,5,3,1,0,0
305,1289,2.4,3,1,3,128,868.0,9,11,4,0,1.352,4.11,867.1,23,36,31,3,0,1,0,1,3,3,1,0,0,0,0,2,1,2,2,3,3,2,1,0,1,1,1,0,1,0,4,2,0,0,0
306,1631,2.9,4,1,4,144,896.0,5,13,2,0,1.278,1.57,358.55,33,42,33,4,0,1,0,1,3,1,1,0,0,0,0,2,2,2,3,5,1,0,0,0,1,1,1,1,0,0,3,3,0,0,0
307,1956,10.8,4,2,4,197,1182.5,10,12,4,0,1.264,3.9,1323.73,36,76,37,11,1,1,1,1,2,2,0,0,0,0,0,2,0,2,2,5,2,1,1,0,1,1,1,0,1,1,6,3,0,0,0
308,1396,1.5,4,1,3,113,836.5,3,12,3,0,1.389,2.55,571.87,16,41,21,7,1,1,0,1,2,2,0,0,0,0,0,2,1,2,2,3,1,1,2,0,1,1,1,1,0,0,1,2,0,0,0
309,1929,5.0,4,1,4,198,1172.0,5,16,4,0,1.242,3.01,1044.9,35,87,31,5,0,1,0,1,1,0,3,0,1,8,0,3,2,3,3,6,1,0,0,0,1,1,1,1,0,0,2,1,0,0,0
310,2896,0.4,7,2,4,240,1403.0,10,17,6,0,1.254,2.93,1155.89,44,84,52,9,0,1,0,1,2,1,1,0,1,5,3,3,3,3,3,7,2,2,1,0,1,1,1,0,0,3,5,1,0,0,0
311,491,1.7,1,1,2,58,437.0,5,6,3,1,1.466,2.54,513.04,8,15,10,1,0,0,0,1,3,0,1,0,0,0,0,1,1,1,1,2,2,1,0,0,1,0,0,0,1,0,3,4,0,0,1
312,1784,19.9,4,1,4,209,1151.5,9,11,3,1,1.244,4.45,1652.8,32,88,33,9,0,1,0,1,2,1,2,0,1,8,3,2,0,2,2,4,2,0,0,0,1,1,1,1,1,0,5,5,0,1,0
313,1389,9.1,3,1,3,139,825.5,8,9,2,0,1.302,3.08,616.49,29,53,24,4,1,1,0,1,1,1,1,0,0,0,0,1,0,1,2,1,2,1,1,0,1,1,1,1,0,3,3,4,0,0,0
314,2008,4.3,4,2,4,178,1254.5,9,15,5,0,1.348,3.01,1020.63,35,54,32,11,1,1,1,1,1,1,3,0,1,7,0,2,1,2,3,3,2,1,2,0,1,1,1,1,1,0,4,4,0,0,0
315,748,9.1,2,1,2,74,493.5,6,5,2,0,1.351,2.38,408.04,14,23,13,3,0,1,0,1,2,2,0,0,0,0,0,1,0,1,1,2,2,1,1,0,1,0,0,0,1,0,3,1,0,0,0
316,2085,0.5,5,1,4,184,1052.5,7,13,4,0,1.239,3.77,1008.68,41,64,34,4,0,1,0,1,2,0,2,0,1,9,0,2,2,2,2,4,0,1,1,0,1,1,1,1,1,0,4,2,0,0,0
317,2881,3.3,7,1,4,227,1413.5,6,19,5,0,1.282,2.87,1101.92,49,70,48,11,0,1,0,1,3,3,0,0,0,0,0,4,3,4,4,9,3,1,2,0,1,1,1,1,0,0,3,4,0,0,0
318,946,23.1,2,2,3,125,740.5,6,6,2,0,1.28,2.73,623.45,20,40,35,6,1,1,0,1,2,1,2,0,0,0,0,1,0,1,1,3,1,1,1,0,1,0,0,1,0,1,2,2,0,0,0
319,838,1.5,2,1,2,80,677.5,8,10,3,0,1.438,3.6,531.7,7,21,16,3,0,1,0,1,2,1,1,0,0,0,0,2,2,2,2,3,3,1,0,0,1,0,0,0,1,0,5,5,0,0,0
320,2380,13.6,6,1,4,237,1441.0,8,18,6,1,1.27,2.77,924.92,41,78,59,10,0,1,0,1,2,2,1,1,1,6,2,3,3,3,3,5,2,1,1,0,1,1,1,1,0,0,4,2,0,0,1
321,1544,1.4,4,3,4,138,951.0,13,12,4,0,1.384,2.1,634.8,25,35,25,5,0,1,0,1,2,1,1,1,1,6,3,2,0,2,3,4,2,1,1,0,1,1,1,1,1,2,7,2,0,0,0
322,1714,5.7,5,2,4,162,1105.0,9,17,5,0,1.358,3.16,893.53,35,45,27,10,0,1,0,1,2,2,0,0,1,6,0,3,2,3,4,6,0,1,1,0,1,1,1,0,1,2,4,2,0,0,0
323,1828,4.7,4,1,4,171,1094.5,6,13,4,1,1.339,2.97,840.44,32,62,29,11,1,1,0,1,2,1,1,0,0,0,0,2,1,2,2,5,3,1,1,1,1,1,1,1,1,0,3,3,0,0,1
324,1052,6.7,3,3,4,104,711.0,6,9,2,0,1.375,2.0,657.77,23,38,13,2,1,1,0,1,3,0,0,2,0,0,0,1,1,1,1,1,3,1,1,1,1,1,1,0,0,0,4,2,0,0,0
325,1874,8.8,5,1,4,197,1267.5,6,16,6,0,1.299,3.56,996.21,43,60,34,7,1,1,0,1,2,0,2,0,1,7,6,3,0,3,4,7,2,2,1,0,1,1,1,1,1,0,3,2,0,0,0
326,1987,2.4,5,2,4,184,1143.0,9,14,4,0,1.261,2.98,1088.51,33,56,39,8,1,1,0,1,2,2,1,0,1,6,5,2,2,2,2,4,2,1,1,0,1,1,1,0,0,0,6,3,0,0,0
327,2107,4.9,5,1,4,197,1292.5,10,18,4,0,1.32,2.83,898.38,33,67,38,9,1,1,0,1,2,1,1,1,1,6,0,3,3,3,3,6,1,0,1,0,1,1,1,1,1,2,4,4,0,0,0
328,2365,2.8,5,3,5,198,1178.5,8,13,4,0,1.298,2.71,1215.81,40,64,41,9,0,1,0,1,3,2,1,0,1,6,0,2,1,2,3,5,2,1,1,1,1,1,1,1,1,2,2,2,0,0,0
329,2734,11.4,6,3,5,241,1329.0,6,15,4,0,1.22,3.36,1031.55,60,77,48,9,1,1,0,1,1,2,1,0,1,8,5,3,0,3,3,6,2,0,0,0,1,1,1,1,1,0,2,2,0,0,0
330,1190,19.0,2,2,4,153,844.0,8,7,1,0,1.268,2.74,771.99,33,60,25,7,1,1,0,1,1,0,2,0,0,0,0,1,1,1,1,1,4,0,0,0,1,0,0,1,1,3,2,5,0,0,0
331,1250,7.5,3,1,4,152,1016.0,8,14,5,1,1.329,1.73,756.66,28,49,30,4,1,1,0,1,1,1,1,0,1,7,0,2,0,2,3,4,1,1,0,1,1,1,1,0,0,2,4,3,0,0,1
332,441,6.2,1,2,2,65,424.0,8,3,3,0,1.477,3.11,707.84,8,17,10,3,0,0,0,0,3,1,0,0,0,0,0,1,0,1,1,2,2,2,0,1,0,0,0,0,1,4,2,6,0,0,0
333,825,7.6,2,1,3,99,609.0,9,6,2,0,1.323,2.45,641.9,20,31,18,4,1,1,0,1,3,3,0,0,0,0,0,1,0,1,1,2,1,1,1,0,1,0,0,0,0,2,4,2,0,0,0
334,1839,3.3,4,2,4,153,963.5,12,13,3,0,1.34,3.17,996.95,32,49,25,6,0,1,0,1,1,1,2,1,1,5,0,2,1,2,3,5,1,0,0,1,1,1,1,0,0,3,5,2,0,0,0
335,2789,8.9,7,1,4,240,1508.5,7,17,6,0,1.271,3.23,1089.44,46,82,51,13,1,1,1,1,3,0,1,0,1,6,0,3,0,3,4,6,2,1,1,0,1,1,1,1,1,0,5,3,0,0,0
336,2131,5.4,5,4,5,194,1296.5,7,20,6,1,1.299,2.76,1413.13,43,60,38,6,1,1,0,1,1,1,0,1,1,8,0,3,3,3,4,5,1,1,0,0,1,1,1,1,0,0,5,2,0,0,1
337,942,5.7,3,3,4,124,955.5,5,14,4,0,1.387,2.03,796.84,20,30,27,9,1,1,0,1,2,0,1,0,1,5,0,2,2,2,2,4,1,1,1,0,1,1,1,1,0,0,4,3,0,0,0
338,1746,2.1,5,1,4,149,1017.0,7,16,4,0,1.289,3.01,965.88,34,42,34,2,1,1,0,0,1,1,0,0,0,0,0,3,2,3,3,6,2,1,1,0,1,1,1,1,0,0,6,2,0,0,0
339,1900,7.5,4,3,5,176,1102.0,5,14,3,0,1.267,1.98,767.98,37,48,45,7,1,1,0,1,1,2,0,1,1,8,0,2,2,2,2,5,1,0,0,0,1,1,1,1,1,0,1,3,0,0,0
340,674,11.4,2,1,3,110,771.5,11,10,3,0,1.418,3.0,661.47,20,38,15,3,1,1,0,1,1,1,0,2,0,0,0,2,1,2,2,5,1,1,1,1,1,0,0,0,1,3,4,2,0,0,0
341,476,3.0,1,1,2,49,389.0,6,5,2,0,1.469,2.51,488.53,3,14,7,2,0,0,0,1,2,1,0,0,0,0,0,1,1,1,1,2,2,1,1,0,1,0,0,0,1,0,4,3,0,0,0
342,2208,13.1,5,1,4,220,1527.5,9,20,7,0,1.332,3.03,827.99,40,73,43,11,1,1,1,1,2,0,2,0,1,7,0,3,3,3,4,5,2,2,1,0,1,1,1,1,0,3,4,3,0,0,0
343,1393,19.3,3,1,4,164,933.0,7,10,3,0,1.238,3.22,1192.4,37,55,31,5,1,1,0,1,1,1,1,0,1,8,0,1,1,1,1,2,0,1,2,0,1,1,1,1,1,0,4,3,0,0,0
344,1585,4.1,4,1,4,151,1001.5,8,13,3,0,1.298,2.49,892.8,18,55,27,7,0,1,0,1,2,2,1,0,1,5,4,2,2,2,2,4,3,0,0,0,1,1,1,1,0,0,5,3,0,0,0
345,1944,18.6,5,1,4,191,1147.5,7,11,3,0,1.257,3.41,950.9,38,62,47,11,1,1,1,1,2,1,0,0,0,0,0,2,1,2,2,4,3,0,0,0,1,0,0,0,0,4,2,5,0,0,0
346,2434,13.3,6,1,4,242,1324.0,11,14,3,1,1.236,4.85,1435.16,36,108,50,10,0,1,0,1,2,2,1,0,0,0,0,2,2,2,3,4,1,1,1,0,1,1,1,1,0,2,6,2,1,0,0
347,1651,2.9,4,1,4,162,1012.5,8,12,4,0,1.29,2.44,694.54,24,60,25,10,0,1,0,1,1,2,0,0,1,8,0,2,1,2,2,5,1,1,1,1,1,1,1,0,1,0,5,4,0,0,0
348,2399,8.0,5,1,4,208,1119.0,10,12,3,0,1.236,2.29,855.58,43,80,45,3,1,1,0,1,2,2,0,0,0,0,0,2,1,2,2,4,1,1,1,1,1,1,1,1,1,3,4,3,0,0,0
349,714,16.7,2,1,3,96,755.0,8,11,3,0,1.385,2.65,596.92,17,26,17,1,1,1,0,1,2,0,3,0,0,0,0,2,2,2,2,4,3,1,1,0,1,0,0,0,0,0,5,4,0,0,0
350,1090,6.4,2,2,3,114,732.0,11,6,2,0,1.377,2.9,704.78,23,24,29,4,0,1,0,1,2,1,2,0,0,0,0,1,1,1,1,2,4,1,1,1,1,0,0,1,1,3,4,4,0,0,0
351,1537,7.4,4,2,4,156,888.0,10,10,4,1,1.301,2.05,668.12,42,46,32,1,0,1,0,1,2,0,3,1,0,0,0,2,1,2,2,4,1,1,1,0,1,0,0,1,0,3,3,4,0,0,1
352,1544,2.4,4,2,4,162,984.5,7,11,4,0,1.265,3.36,799.63,28,57,29,4,0,1,0,1,3,0,2,0,1,8,4,2,1,2,3,4,2,1,1,1,1,0,0,0,1,0,4,1,0,0,0
353,1532,6.4,3,2,4,141,895.5,6,11,2,0,1.27,2.02,677.81,22,53,25,6,1,1,0,1,2,1,1,0,1,6,3,1,1,1,2,2,3,0,0,0,1,1,1,0,0,0,4,1,0,0,0
354,1710,5.3,4,2,4,172,1151.0,11,18,5,0,1.314,2.59,933.24,37,61,17,8,1,1,0,0,1,3,1,0,1,8,0,3,3,3,3,6,0,1,1,0,1,1,1,1,0,0,7,2,0,0,0
355,1172,1.6,2,3,4,110,787.0,8,10,3,0,1.391,1.93,646.98,23,25,23,5,1,1,0,1,2,0,1,0,0,0,0,2,0,2,3,4,2,1,0,1,1,0,0,0,0,3,4,5,0,0,0
356,925,7.1,2,4,4,108,738.0,8,8,2,0,1.361,2.45,658.61,17,33,23,7,1,1,0,1,1,0,1,1,0,0,0,1,1,1,2,3,2,1,1,1,1,0,0,0,0,1,5,2,0,0,0
357,1118,2.7,3,1,3,105,755.0,10,11,2,0,1.39,2.41,647.63,19,30,15,1,1,1,0,0,3,2,1,0,1,6,0,1,1,1,2,3,1,0,1,1,1,1,1,0,1,2,4,4,0,0,0
358,2138,4.8,6,2,4,194,1231.5,6,18,4,0,1.263,3.29,888.58,38,71,33,7,1,1,0,1,1,2,0,0,1,6,0,3,3,3,3,6,1,0,0,0,1,1,1,1,1,0,3,5,0,0,0
359,2787,0.7,6,1,4,215,1328.5,11,15,5,0,1.298,3.58,1079.61,41,66,48,9,1,1,0,1,2,0,3,0,1,7,0,3,0,3,3,6,3,1,1,0,1,1,1,1,0,3,5,3,0,0,0
360,928,2.3,2,2,3,99,694.5,8,8,4,0,1.434,3.07,797.45,14,39,13,4,0,1,0,1,2,1,2,0,0,0,0,2,0,2,2,4,1,2,1,0,1,0,0,1,1,2,2,1,0,0,0
361,1184,4.5,3,2,3,121,801.5,11,11,3,1,1.347,3.3,955.64,22,32,23,4,0,1,0,1,2,1,1,0,1,7,3,1,1,1,2,1,1,0,0,0,1,1,1,1,0,2,7,2,0,0,1
362,818,1.7,2,3,3,66,496.5,5,6,2,0,1.424,2.14,465.81,14,19,11,2,0,1,0,1,1,0,0,2,0,0,0,1,0,1,2,2,2,1,1,0,1,0,0,0,0,0,3,1,0,0,0
363,1059,7.4,2,1,3,102,619.5,8,6,1,1,1.333,2.57,758.97,25,24,20,4,0,1,0,1,3,2,1,0,0,0,0,1,0,1,2,3,1,0,2,0,1,0,0,1,0,0,5,3,0,1,0
364,1538,4.7,3,2,4,149,941.0,7,11,3,0,1.268,2.32,785.51,23,54,27,6,1,1,0,1,2,0,1,0,1,9,0,1,1,1,2,3,1,1,1,0,1,1,1,1,0,0,6,2,0,0,0
365,1088,10.5,3,2,3,134,905.5,12,13,3,0,1.358,2.67,827.07,18,44,29,6,0,1,0,1,1,2,0,0,0,0,0,2,2,2,3,3,1,1,1,0,1,1,1,0,1,3,6,4,0,0,0
366,976,21.3,2,1,3,121,635.5,5,6,2,0,1.198,2.33,479.67,25,50,24,3,0,1,0,1,1,1,0,0,0,0,0,1,1,1,1,1,1,1,1,0,1,0,0,0,1,0,3,2,0,0,0
367,2028,7.0,5,3,5,180,1034.0,9,13,3,0,1.278,2.31,991.82,42,68,28,6,1,1,0,1,2,3,1,0,0,0,0,2,1,2,3,4,1,1,0,0,1,1,1,0,1,2,2,5,0,0,0
368,2990,1.0,8,3,5,239,1489.5,13,20,5,0,1.264,2.64,1252.95,45,88,50,8,0,1,1,1,2,2,1,0,0,0,0,4,4,4,5,7,2,0,0,0,1,0,0,1,0,3,7,2,0,0,0
369,1167,2.4,3,1,3,120,861.5,7,13,3,0,1.342,2.38,746.16,20,34,21,4,0,1,0,1,2,1,1,0,1,7,3,2,1,2,3,5,2,0,0,1,1,1,1,0,0,0,5,0,0,0,0
370,885,7.8,2,1,2,86,539.0,9,6,1,0,1.279,3.89,671.95,9,40,11,2,1,1,0,1,2,3,0,0,0,0,0,1,0,1,1,2,1,0,0,0,1,0,0,0,1,0,5,3,0,0,0
371,698,5.0,2,1,2,81,514.0,11,6,2,0,1.358,3.91,563.97,19,21,13,1,0,1,0,1,2,1,1,0,0,0,0,1,1,1,1,2,1,1,1,0,1,0,0,0,0,3,6,2,0,0,0
372,2008,6.4,5,1,4,188,1280.0,10,18,4,1,1.372,3.21,1125.12,43,59,29,10,0,1,1,1,3,2,1,0,0,0,0,3,3,3,4,6,1,0,1,0,1,1,1,1,1,3,3,5,0,1,0
373,2362,16.1,6,1,4,227,1324.5,8,16,5,0,1.264,3.28,1327.17,50,77,43,9,0,1,0,1,2,1,2,1,1,5,3,3,2,3,3,6,2,1,0,0,1,1,1,1,1,0,3,3,0,0,0
374,1129,15.3,2,3,4,127,720.0,6,6,2,0,1.268,2.62,941.75,28,45,22,7,0,1,0,1,2,1,2,0,0,0,0,1,1,1,1,3,3,1,0,0,1,0,0,1,0,0,3,2,0,0,0
375,1540,9.7,3,2,4,156,983.5,7,10,5,1,1.327,2.31,832.77,23,53,36,7,0,1,0,1,2,1,2,0,1,7,0,1,1,1,1,1,2,2,1,1,1,1,1,1,1,0,3,2,0,0,1
376,1039,12.7,3,2,3,127,890.0,9,12,4,0,1.378,3.49,642.95,22,41,18,3,0,1,0,1,2,0,2,1,1,5,4,2,1,2,2,4,3,1,1,0,1,1,1,0,0,2,4,1,0,0,0
377,1474,8.0,3,2,4,156,948.5,10,10,3,0,1.295,3.26,1253.87,25,51,38,5,1,1,0,1,1,2,1,0,1,6,0,1,0,1,2,2,1,1,2,0,1,1,1,0,1,3,3,3,0,0,0
378,948,1.3,3,1,3,122,887.5,10,13,3,0,1.385,2.31,747.63,17,33,18,4,0,1,0,1,3,1,1,1,1,9,5,2,2,2,2,4,1,0,0,0,1,1,1,1,0,2,5,3,0,0,0
379,2065,4.8,5,1,4,172,1015.5,9,12,2,0,1.279,2.92,793.0,32,62,37,7,1,1,0,0,1,2,2,0,0,0,0,2,0,2,3,4,1,0,1,1,1,1,1,1,1,0,4,4,0,0,0
380,1429,3.2,4,1,4,141,906.0,8,11,3,0,1.319,2.46,1007.21,28,43,26,9,1,1,0,0,2,1,1,0,1,5,0,2,1,2,2,5,1,0,0,0,1,0,0,1,1,2,3,2,0,0,0
381,1326,1.7,3,1,3,131,987.0,8,15,3,0,1.389,2.69,687.85,16,40,20,6,1,1,0,1,3,1,3,0,1,8,5,2,2,2,3,4,1,0,1,0,1,1,1,0,1,0,3,3,0,0,0
382,1171,4.1,3,2,3,119,960.5,11,15,6,1,1.437,3.18,921.53,15,37,20,0,1,1,0,1,3,1,1,1,1,6,0,2,2,2,2,4,1,2,1,0,1,1,1,1,1,0,7,2,0,0,1
383,1229,1.7,3,1,4,144,1104.5,9,15,4,2,1.396,3.25,1366.75,21,45,24,4,1,1,0,1,2,2,2,0,1,9,0,2,2,2,2,4,3,1,1,1,1,1,1,0,0,0,5,3,1,1,0
384,1570,9.7,4,1,4,150,1068.5,4,14,4,0,1.347,2.62,914.61,23,40,38,6,1,1,0,1,2,0,2,0,1,5,3,2,1,2,3,5,2,1,2,1,1,1,1,0,1,0,1,3,0,0,0
385,1483,7.3,4,1,4,147,951.5,4,13,3,0,1.279,2.01,730.5,37,40,26,4,1,1,0,1,1,1,1,0,1,7,0,2,1,2,2,5,1,0,0,1,1,1,1,1,0,0,2,6,0,0,0
386,2875,1.4,7,2,4,230,1392.5,6,18,4,0,1.248,5.08,2087.9,42,84,43,8,1,1,0,1,3,2,0,0,1,6,4,3,2,3,4,6,3,0,0,1,1,1,1,0,1,0,3,5,0,0,0
387,3366,4.1,8,2,5,282,1716.5,7,23,7,1,1.259,3.09,1086.4,49,107,62,7,1,1,0,1,3,1,1,2,1,6,0,4,4,4,4,9,2,1,1,1,1,1,1,0,0,0,3,3,0,0,1
388,2199,9.8,5,2,4,199,1070.5,8,12,2,0,1.246,3.84,1333.52,45,84,30,9,1,1,0,1,2,0,3,0,0,0,0,2,0,2,3,5,2,0,1,0,1,1,1,0,1,0,4,0,0,0,0
389,2268,29.3,6,1,5,269,1613.0,9,19,5,1,1.245,2.5,1091.32,49,103,61,7,0,1,1,0,1,0,4,0,1,5,0,3,3,3,3,7,2,0,0,1,1,1,1,0,1,2,2,5,1,0,0
390,849,5.7,3,2,3,108,713.5,3,9,1,0,1.315,2.17,618.45,26,34,17,7,1,1,0,1,2,1,0,0,0,0,0,1,1,1,1,2,4,0,0,0,1,1,1,0,0,0,2,3,0,0,0
391,1070,5.3,2,3,4,132,778.0,8,9,2,0,1.311,2.8,787.0,33,40,21,9,0,1,0,1,2,1,2,1,0,0,0,2,1,2,2,5,1,0,0,0,1,0,0,0,1,0,3,3,0,0,0
392,1322,5.4,4,2,3,132,908.5,5,13,3,0,1.326,2.44,813.9,22,39,23,6,0,1,0,1,2,1,1,0,1,7,4,2,2,2,2,5,1,0,0,0,1,1,1,1,1,0,2,3,0,0,0
393,1688,14.6,3,1,4,170,1019.0,7,10,4,0,1.229,2.36,908.49,47,51,33,1,1,1,1,1,1,2,1,0,1,6,0,1,0,1,1,3,2,1,1,1,1,1,1,1,0,0,4,4,0,0,0
394,1050,3.0,3,1,3,105,827.5,7,13,3,0,1.438,3.19,605.27,13,34,22,3,1,1,0,1,2,0,4,0,0,0,0,2,2,2,2,5,1,1,1,0,1,1,1,0,1,0,2,2,0,0,0
395,878,3.1,2,1,2,74,571.0,10,6,2,0,1.486,3.45,556.3,9,17,17,2,0,1,0,1,3,0,1,0,0,0,0,1,0,1,2,2,4,1,1,0,1,0,0,0,1,3,5,1,0,0,0
396,1368,2.7,4,2,3,133,919.0,6,12,3,1,1.286,3.67,909.08,24,46,24,2,1,1,0,0,2,2,0,0,1,8,0,2,1,2,2,3,2,0,0,0,1,0,0,1,1,0,3,3,1,0,0
397,509,10.8,1,1,2,95,546.5,4,5,1,0,1.305,3.95,646.58,14,36,19,5,0,0,0,1,2,0,0,1,0,0,0,1,0,1,2,2,2,0,1,1,1,0,0,0,1,0,2,3,0,0,0
398,1586,2.7,4,1,3,136,901.5,7,12,4,1,1.316,4.7,923.68,28,47,17,5,1,1,0,1,2,0,0,1,1,9,0,2,1,2,2,4,2,0,0,0,1,0,0,0,1,1,4,2,0,0,1
399,2107,3.1,5,1,4,177,1236.0,7,18,5,0,1.328,2.75,751.47,34,52,28,6,1,1,0,1,3,2,2,0,1,9,5,3,3,3,3,7,2,1,1,0,1,1,1,1,0,0,3,2,0,0,0
400,900,12.2,2,1,3,122,790.0,9,11,3,1,1.361,2.39,750.6,24,36,28,6,0,1,0,1,1,0,3,0,0,0,0,2,2,2,2,3,1,0,0,0,1,0,0,0,0,3,3,2,0,0,1
401,1120,28.5,3,1,4,191,1097.0,10,12,4,0,1.267,2.19,738.93,43,57,39,8,0,1,0,1,2,1,2,0,1,5,0,2,2,2,3,5,1,1,1,1,1,0,0,0,0,3,4,5,0,0,0
402,3170,3.9,7,2,5,249,1561.5,10,21,7,0,1.293,2.79,1143.7,53,81,42,9,1,1,0,1,3,3,1,0,1,6,4,4,3,4,4,9,2,2,2,0,1,1,1,0,1,2,3,4,0,0,0
403,2694,12.9,6,1,4,253,1440.0,9,17,4,0,1.253,3.59,947.5,53,94,53,10,1,1,0,1,2,2,0,2,0,0,0,3,3,3,3,6,2,1,2,0,1,1,1,1,1,0,4,2,0,0,0
404,2558,9.2,6,2,4,227,1369.0,6,18,6,2,1.264,4.18,1266.57,39,86,47,5,0,1,0,1,2,1,2,0,1,8,0,3,3,3,3,7,1,1,1,0,1,1,1,0,1,0,2,4,0,1,1
405,1937,22.8,4,1,4,194,1147.5,10,11,3,1,1.253,3.12,915.02,36,60,49,9,1,1,0,1,2,3,2,0,1,7,0,2,0,2,2,3,2,0,1,0,1,0,0,0,1,0,4,3,1,0,0
406,1172,7.0,2,1,3,113,645.0,8,6,2,0,1.292,2.41,599.68,21,40,19,9,0,1,0,1,2,1,1,0,0,0,0,1,1,1,1,2,0,1,2,1,1,0,0,0,0,0,6,1,0,0,0
407,1924,6.8,4,1,4,172,1046.0,7,12,3,0,1.297,2.2,746.21,31,55,37,10,0,1,0,1,2,1,2,0,1,7,0,2,1,2,2,5,1,0,1,1,1,1,1,1,1,0,3,1,0,0,0
408,1717,4.0,4,2,4,148,970.5,8,13,2,0,1.311,3.42,1021.2,23,47,38,7,1,1,0,1,2,1,0,1,0,0,0,2,1,2,3,4,1,0,0,1,1,1,1,1,0,0,6,2,0,0,0
409,2092,3.8,5,1,4,180,1045.5,6,11,4,0,1.261,3.17,1230.91,35,63,34,9,0,1,0,1,2,3,0,0,1,5,4,2,1,2,3,4,1,1,1,1,1,0,0,1,1,0,2,1,0,0,0
410,2754,13.2,7,1,4,245,1330.5,8,15,4,0,1.22,3.86,1095.69,49,90,60,9,1,1,0,1,2,1,0,0,0,0,0,3,3,3,3,6,0,1,1,0,1,0,0,1,1,3,3,2,0,0,0
411,1834,6.1,4,4,5,179,1119.0,8,12,5,1,1.33,3.05,1269.9,33,54,33,8,0,1,0,1,2,2,1,0,1,8,4,2,0,2,2,4,3,1,1,1,1,1,1,1,0,3,2,5,0,0,1
412,1458,6.2,3,1,3,139,812.0,6,9,3,0,1.259,3.04,608.5,30,45,30,4,0,1,0,1,2,1,1,0,1,6,0,1,1,1,1,2,1,1,0,0,1,1,1,1,1,0,3,1,0,0,0
413,1603,0.3,3,1,4,143,887.5,12,10,3,0,1.322,2.93,824.18,29,44,20,5,1,1,0,1,2,2,1,0,1,7,3,1,1,1,1,2,1,1,0,0,1,1,1,1,1,3,5,5,0,0,0
414,1708,7.9,4,1,4,176,1113.0,11,15,3,0,1.295,2.53,729.92,32,54,36,7,1,1,0,0,2,0,1,0,1,5,4,2,2,2,3,4,1,0,0,1,1,1,1,1,1,2,7,3,0,0,0
415,2434,10.6,6,3,5,212,1408.0,8,19,6,0,1.274,2.89,1446.02,42,73,38,8,0,1,1,1,1,1,1,0,1,7,0,3,3,3,4,6,2,1,1,0,1,1,1,1,0,0,6,4,0,0,0
416,2431,8.7,6,2,4,216,1271.5,6,16,4,0,1.236,2.97,1096.93,55,82,34,11,1,1,1,1,2,2,1,0,0,0,0,3,2,3,4,6,1,0,0,0,1,0,0,0,0,0,3,2,0,0,0
417,1336,3.1,3,3,4,130,913.5,9,14,3,0,1.3,2.22,811.45,24,36,25,2,1,1,0,0,3,1,1,0,1,8,0,2,2,2,2,3,2,0,1,0,1,1,1,0,0,0,7,3,0,0,0
418,1650,7.5,3,1,4,164,1027.5,11,12,5,0,1.305,3.1,968.78,25,65,28,3,0,1,0,1,2,0,2,1,1,6,0,2,2,2,3,4,1,2,1,0,1,0,0,1,1,2,5,2,0,0,0
419,926,4.2,3,3,4,107,851.5,7,14,4,0,1.43,2.05,655.06,22,28,15,1,1,1,0,1,3,0,2,0,1,7,0,2,1,2,3,4,1,1,1,0,1,1,1,0,0,2,3,2,0,0,0
420,1035,7.8,3,1,3,122,856.0,11,12,4,0,1.352,2.56,861.89,22,35,16,5,0,1,0,1,3,3,0,0,1,7,0,2,1,2,2,4,2,1,0,0,1,1,1,0,1,0,7,3,0,0,0
421,602,1.1,1,2,2,73,451.0,5,4,1,0,1.356,3.56,722.98,15,21,11,3,0,0,0,1,3,0,1,0,0,0,0,1,0,1,1,3,4,0,0,1,1,0,0,0,1,0,3,2,0,0,0
422,1732,8.8,5,1,3,138,896.0,10,12,2,0,1.384,3.19,769.85,33,39,23,7,0,1,0,1,2,1,1,0,0,0,0,2,1,2,3,3,3,0,2,1,1,1,1,0,1,3,4,2,0,0,0
423,2067,5.9,5,2,4,172,1117.0,8,14,4,0,1.331,2.84,929.14,30,56,40,7,1,1,0,1,1,0,3,0,1,5,0,2,2,2,2,4,1,1,1,1,1,1,1,1,1,2,2,1,0,0,0
424,1897,4.7,4,2,4,166,1046.5,11,13,3,0,1.313,2.8,852.76,25,56,36,7,0,1,0,1,1,0,2,2,1,7,0,2,2,2,2,5,1,0,0,0,1,1,1,1,0,2,5,2,0,0,0
425,1167,2.7,3,1,3,127,888.5,10,13,4,0,1.323,2.49,671.11,17,42,22,3,0,1,0,1,2,1,1,0,1,8,0,2,2,2,2,3,1,1,1,0,1,1,1,0,1,0,7,3,0,0,0
426,1011,6.3,2,2,3,99,634.0,7,6,2,0,1.333,2.76,719.13,17,38,15,3,1,1,0,1,2,1,1,0,0,0,0,1,0,1,1,3,2,1,1,0,1,0,0,1,0,2,3,2,0,0,0
427,2798,5.6,7,1,4,243,1403.5,11,17,5,0,1.28,4.86,1564.87,53,87,46,10,1,1,0,1,3,0,2,1,0,0,0,4,0,4,4,8,2,1,1,0,1,1,1,0,0,3,5,3,0,0,0
428,1526,5.8,4,1,4,154,979.0,12,11,3,0,1.338,2.75,1014.34,32,51,30,4,1,1,0,1,1,2,2,0,0,0,0,2,2,2,2,3,4,1,1,1,1,0,0,1,1,3,4,1,0,0,0
429,1902,20.3,5,1,4,210,1218.0,10,17,3,1,1.271,2.97,1101.86,51,77,35,7,1,1,0,0,3,1,3,0,0,0,0,3,3,3,3,5,1,0,0,0,1,1,1,1,0,0,6,2,0,1,0
430,1486,3.0,4,1,3,135,835.5,11,11,3,0,1.348,3.13,683.14,38,39,19,4,0,1,0,1,1,1,2,0,0,0,0,2,1,2,2,4,2,1,1,0,1,1,1,1,0,3,5,2,0,0,0
431,2020,6.5,5,2,4,176,1055.0,7,13,3,0,1.261,2.94,876.17,34,59,38,4,0,1,0,1,3,2,2,0,1,6,0,2,2,2,2,5,2,0,0,0,1,1,1,1,1,0,2,3,0,0,0
432,1474,2.9,3,1,3,138,847.5,11,9,3,0,1.348,4.0,1177.48,27,39,22,7,0,1,0,1,3,0,4,0,1,9,2,1,1,1,1,2,1,1,1,0,1,1,1,0,0,3,4,3,0,0,0
433,1577,5.6,3,2,4,163,998.5,8,13,3,0,1.282,2.59,1045.05,32,57,29,6,0,1,0,1,2,1,1,0,1,7,0,2,2,2,2,4,2,0,0,0,1,1,1,1,0,2,4,1,0,0,0
434,1215,8.0,3,1,3,136,882.5,8,12,3,0,1.287,2.99,735.24,24,43,23,1,0,1,0,0,3,1,2,0,1,7,5,2,1,2,2,3,2,0,1,0,1,1,1,1,0,0,5,3,0,0,0
435,1184,10.2,2,2,3,117,762.5,6,9,3,0,1.291,2.25,527.63,18,36,31,3,0,1,0,1,2,1,1,0,0,0,0,2,1,2,2,3,2,1,1,1,1,0,0,0,0,0,4,3,0,0,0
436,984,1.7,2,1,2,93,644.5,7,6,3,1,1.419,4.05,863.81,17,23,18,6,0,1,0,1,3,0,0,1,0,0,0,1,0,1,2,2,2,2,1,0,1,0,0,0,0,1,5,4,0,1,0
437,2571,9.8,6,2,4,224,1421.0,8,18,5,0,1.254,3.15,931.59,46,79,46,4,0,1,1,1,3,0,0,2,1,6,0,3,3,3,3,6,4,0,1,0,1,1,1,1,0,0,6,1,0,0,0
438,3223,12.5,7,1,5,281,1540.5,8,18,5,0,1.199,2.27,988.29,79,94,62,7,1,1,1,1,1,3,0,0,0,0,0,3,3,3,3,6,3,1,1,0,1,1,1,0,1,0,4,0,0,0,0
439,1130,1.9,3,3,4,121,775.0,8,8,4,0,1.331,2.01,533.94,15,42,19,5,0,1,0,1,2,3,0,0,1,7,4,1,0,1,1,3,0,2,1,0,1,1,1,1,0,2,3,3,0,0,0
440,2263,5.2,6,2,4,187,1273.0,8,16,5,0,1.278,3.84,1153.54,28,64,44,8,1,1,1,1,2,0,2,0,1,7,0,3,2,3,3,6,1,0,0,0,1,0,0,1,1,0,5,1,0,0,0
441,1872,5.2,4,2,4,165,1000.0,7,10,4,0,1.261,2.48,803.88,39,70,13,2,0,1,1,1,2,0,1,1,1,7,0,2,0,2,2,5,3,0,2,0,1,0,0,1,0,2,3,3,0,0,0
442,913,7.2,2,1,2,88,572.5,6,5,3,0,1.318,3.25,554.86,15,24,22,2,0,1,0,1,2,1,1,0,0,0,0,1,0,1,1,3,1,2,2,0,1,0,0,1,0,0,4,2,0,0,0
443,694,3.5,2,3,4,96,727.5,6,10,3,0,1.354,1.5,634.17,18,17,25,3,0,1,0,1,2,1,1,0,0,0,0,2,2,2,2,5,3,1,1,0,1,0,0,0,0,0,4,4,0,0,0
444,2156,1.0,6,2,4,194,1241.5,12,17,4,0,1.34,3.47,1016.49,34,68,31,15,0,1,0,1,1,0,3,0,1,5,0,3,3,3,3,5,2,0,0,0,1,1,1,0,1,3,5,3,0,0,0
445,841,4.7,2,3,3,93,583.5,5,6,2,0,1.333,3.39,938.83,21,32,18,3,1,1,0,1,1,0,1,1,0,0,0,1,0,1,1,1,1,1,1,0,1,0,0,0,0,2,1,2,0,0,0
446,2323,7.9,5,2,4,193,1140.5,7,14,3,0,1.269,2.75,862.27,40,65,37,9,1,1,0,1,3,1,1,0,1,8,0,2,1,2,3,4,1,0,0,0,1,1,1,0,1,2,2,4,0,0,0
447,1447,4.3,3,2,4,143,861.5,9,10,2,0,1.259,2.31,744.02,28,40,31,1,1,1,0,1,2,1,0,1,1,7,3,1,1,1,1,3,1,0,1,0,1,1,1,0,0,3,4,6,0,0,0
448,2878,4.3,7,1,4,231,1331.5,10,17,4,0,1.264,3.19,1290.85,42,100,33,10,0,1,0,1,2,1,2,0,1,5,0,3,3,3,3,7,2,0,0,1,1,1,1,1,0,2,5,0,0,0,0
449,2184,0.2,5,3,5,165,1042.0,7,14,3,0,1.285,2.62,841.23,32,42,42,11,0,1,0,1,1,1,1,0,1,4,3,2,2,2,3,4,1,0,0,0,1,1,1,0,1,0,4,3,0,0,0
450,2449,22.0,6,1,4,237,1383.5,8,18,5,1,1.245,3.95,939.89,48,88,41,10,1,1,0,1,1,1,1,0,1,6,3,3,2,3,3,7,1,0,0,0,1,1,1,1,1,0,5,4,0,0,1
451,1440,4.1,4,2,3,134,957.0,13,13,4,0,1.396,3.98,918.14,23,37,21,4,0,1,0,1,2,2,1,0,1,7,0,2,1,2,3,5,2,1,1,1,1,1,1,1,1,2,7,2,0,0,0
452,2605,3.7,6,1,4,234,1377.0,7,18,5,0,1.239,3.5,972.48,40,85,52,8,0,1,0,1,2,0,1,0,1,5,4,3,3,3,4,7,1,1,1,0,1,1,1,0,0,2,4,2,0,0,0
453,1375,6.0,3,1,3,130,814.5,7,10,2,0,1.315,3.12,571.58,21,50,16,6,0,1,0,1,3,0,2,0,1,6,3,1,1,1,2,2,1,0,1,0,1,1,1,1,1,0,4,2,0,0,0
454,2942,3.1,7,1,4,258,1560.0,7,20,6,0,1.244,4.47,1632.8,56,83,54,6,1,1,0,1,2,1,3,1,1,7,4,4,4,4,4,9,2,1,1,0,1,0,0,1,0,0,2,4,0,0,0
455,2348,2.5,6,1,4,206,1272.5,9,15,5,0,1.291,3.74,1365.04,42,73,31,10,1,1,0,1,3,0,2,0,1,6,0,3,0,3,3,7,3,1,1,0,1,1,1,1,1,0,6,3,0,0,0
456,1543,1.5,4,2,4,143,1073.0,7,17,6,1,1.378,2.25,867.69,25,42,19,7,0,1,0,1,1,1,1,0,1,6,2,3,2,3,3,6,2,1,2,0,1,1,1,0,0,0,5,5,0,0,1
457,1987,7.6,5,1,4,157,946.5,3,11,4,0,1.229,2.56,933.22,31,50,32,5,0,1,0,1,3,1,0,0,1,7,0,2,2,2,2,4,1,1,2,0,1,0,0,0,0,0,2,6,0,0,0
458,1411,11.0,3,1,4,171,1057.0,15,13,4,1,1.316,2.76,704.7,32,59,30,3,1,1,0,1,2,1,2,1,1,6,0,2,0,2,2,3,2,0,0,0,1,1,1,1,0,3,8,4,0,0,1
459,1150,8.3,3,1,3,123,827.0,11,13,2,0,1.358,2.94,840.14,31,33,19,4,1,1,0,1,1,3,0,0,0,0,0,2,2,2,2,3,1,0,0,1,1,1,1,0,0,3,5,5,0,0,0
460,3336,3.1,8,1,5,276,1755.5,11,24,7,1,1.301,3.61,1518.53,56,89,57,18,0,1,1,1,3,1,1,0,1,6,0,4,4,4,5,7,1,0,0,0,1,1,1,1,0,3,6,2,0,0,1
461,911,11.7,3,1,3,101,648.0,8,6,3,0,1.297,3.11,793.91,17,31,15,4,0,1,0,1,3,1,0,1,1,4,4,1,0,1,1,2,3,1,0,0,1,0,0,0,0,0,6,2,0,0,0
462,3084,13.3,7,1,5,270,1535.5,4,19,6,1,1.233,3.3,1125.95,52,108,61,9,1,1,0,1,2,1,0,0,0,0,0,4,0,4,5,7,2,1,0,0,1,1,1,1,1,0,2,3,0,0,1
463,2008,5.0,5,1,4,178,1057.5,8,12,3,0,1.264,3.54,1189.58,43,69,30,5,1,1,1,1,1,1,1,0,0,0,0,2,2,2,2,3,1,0,0,1,1,0,0,1,1,3,2,3,0,0,0
464,1153,2.0,2,1,3,108,677.0,11,7,2,1,1.315,2.66,819.66,19,35,21,3,1,1,0,1,2,2,2,0,0,0,0,1,1,1,1,2,1,1,1,0,1,0,0,0,0,0,7,3,0,1,0
465,2602,5.6,7,2,4,225,1378.5,7,21,4,0,1.262,3.13,1190.88,47,87,42,7,1,1,0,1,2,3,1,0,0,0,0,4,4,4,4,8,2,0,0,0,1,1,1,0,1,0,2,1,0,0,0
466,2917,4.2,7,1,4,251,1442.5,11,17,4,0,1.259,3.91,1079.99,41,99,56,9,0,1,0,1,1,2,2,0,0,0,0,3,3,3,4,7,3,1,0,0,1,1,1,1,1,3,3,4,0,0,0
467,1526,2.4,4,2,3,133,921.0,9,12,4,0,1.338,3.5,902.01,19,35,29,2,0,1,0,1,3,1,1,1,1,6,5,2,1,2,2,5,1,1,1,0,1,1,1,1,1,0,5,3,0,0,0
468,1275,5.6,3,1,4,147,947.5,12,11,5,1,1.313,2.54,946.39,19,53,30,1,0,1,0,1,2,2,1,0,1,7,0,2,1,2,2,4,3,1,1,0,1,0,0,0,1,3,5,2,0,0,1
469,2109,3.3,5,1,4,171,1070.5,11,13,2,0,1.345,3.61,833.68,30,52,37,16,1,1,0,1,3,1,1,0,0,0,0,2,1,2,3,4,1,0,0,0,1,1,1,1,0,3,6,2,0,0,0
470,3111,3.8,8,3,5,275,1619.0,7,21,6,0,1.24,5.04,2537.08,66,102,54,8,1,1,1,1,3,2,0,0,0,0,0,4,3,4,4,7,1,1,1,1,1,1,1,1,1,0,4,1,0,0,0
471,2373,9.6,6,1,4,197,1222.5,7,16,4,0,1.289,3.39,1172.95,40,62,45,11,0,1,0,1,1,1,2,0,0,0,0,3,3,3,3,5,3,1,1,0,1,1,1,0,1,0,3,4,0,0,0
472,3259,2.6,8,1,5,239,1465.5,7,19,5,0,1.247,3.17,1009.38,41,89,54,6,1,1,0,1,2,0,1,2,1,7,0,4,3,4,4,7,2,0,0,0,1,0,0,1,1,0,3,3,0,0,0
473,1840,2.3,4,2,4,183,1138.5,12,13,5,0,1.311,2.8,841.79,38,51,35,9,0,1,0,1,2,2,1,0,1,7,0,2,2,2,2,4,2,2,1,0,1,1,1,1,1,2,6,5,0,0,0
474,635,4.2,2,1,2,78,528.0,5,6,1,0,1.359,2.92,402.14,19,21,13,3,0,1,0,1,1,0,0,1,0,0,0,1,1,1,1,2,3,0,1,1,1,0,0,0,0,1,3,2,0,0,0
475,2309,8.1,6,1,4,218,1416.5,8,17,6,1,1.298,3.4,1074.48,47,70,40,9,0,1,1,1,1,1,2,0,1,6,3,3,2,3,3,6,3,1,1,1,1,1,1,1,0,0,5,2,0,1,0
476,1025,4.0,2,1,2,92,559.5,11,6,1,0,1.391,3.3,664.7,18,35,11,3,0,1,0,1,3,0,0,2,0,0,0,1,1,1,1,1,1,0,0,0,1,0,0,1,1,3,5,1,0,0,0
477,1490,10.1,4,1,4,155,1148.0,8,18,5,0,1.368,2.56,888.03,28,40,32,9,1,1,0,1,2,5,0,0,1,5,0,3,3,3,3,7,1,1,0,0,1,1,1,0,1,0,2,3,0,0,0
478,1873,7.2,5,1,4,196,1242.5,9,15,4,2,1.306,2.59,969.55,37,71,40,7,1,1,0,1,2,2,2,0,0,0,0,3,0,3,3,7,3,1,1,0,1,1,1,0,0,0,5,1,1,1,0
479,1984,4.2,4,1,4,155,1063.0,7,15,4,1,1.355,2.33,972.0,24,49,34,8,0,1,0,1,2,0,2,0,1,6,0,2,2,2,3,4,2,0,0,0,1,1,1,1,1,1,3,2,0,0,1
480,2791,3.2,7,1,4,226,1201.5,5,14,4,1,1.23,3.36,1345.97,53,88,40,13,0,1,0,1,3,1,1,0,0,0,0,3,2,3,3,5,1,0,0,0,1,0,0,1,0,0,3,2,0,0,1
481,2854,7.9,7,1,4,244,1498.0,7,19,5,0,1.266,2.8,972.96,52,91,44,10,0,1,1,1,1,0,3,1,1,7,0,3,3,3,4,6,2,0,0,1,1,1,1,0,1,0,2,3,0,0,0
482,1371,13.9,3,1,4,166,1107.0,8,13,5,0,1.343,2.7,910.77,25,50,37,5,0,1,0,1,3,2,0,0,1,9,0,2,1,2,3,5,2,2,1,1,1,1,1,1,1,3,2,3,0,0,0
483,2220,4.2,5,1,4,192,1228.0,4,18,4,0,1.281,3.36,958.86,41,72,27,9,1,1,0,1,1,0,1,1,1,7,0,3,3,3,3,6,1,0,0,0,1,1,1,1,0,0,2,4,0,0,0
484,1077,15.1,3,1,4,145,808.0,12,7,3,0,1.262,1.96,485.9,32,44,24,5,0,1,0,1,2,2,2,1,1,6,3,1,0,1,2,3,1,1,1,0,1,0,0,0,1,0,6,3,0,0,0
485,1758,1.0,4,2,4,190,1232.5,13,14,6,0,1.305,3.16,1062.86,38,57,33,7,0,1,1,1,2,1,1,0,1,9,4,2,1,2,3,5,2,2,1,0,1,1,1,0,1,3,7,2,0,0,0
486,2165,4.3,5,1,4,167,1063.0,13,12,4,0,1.371,2.27,814.86,29,62,27,10,1,1,0,0,1,1,1,2,0,0,0,2,1,2,2,4,2,2,1,0,1,1,1,1,1,3,5,3,0,0,0
487,2140,15.3,5,1,4,222,1448.0,11,19,6,0,1.27,2.6,986.55,40,78,44,6,1,1,1,1,2,3,1,0,1,7,3,3,3,3,3,5,1,1,1,0,1,1,1,1,1,0,6,2,0,0,0
488,827,3.5,2,3,3,93,613.0,5,7,4,1,1.366,2.71,729.13,17,25,23,7,0,1,0,0,2,0,1,0,0,0,0,1,1,1,1,1,0,2,1,0,1,0,0,0,1,0,3,3,0,0,1
489,2166,16.4,5,1,4,220,1255.5,14,16,3,0,1.3,3.2,886.18,47,79,40,8,0,1,0,0,3,0,4,1,0,0,0,3,3,3,3,6,1,0,0,1,1,1,1,1,1,3,5,4,0,0,0
490,1262,5.1,3,1,4,143,865.5,10,10,2,0,1.301,2.36,838.0,33,39,22,6,1,1,0,1,3,1,1,0,1,6,4,1,1,1,1,2,1,0,0,0,1,1,1,1,1,2,5,5,0,0,0
491,1252,6.4,3,1,3,122,927.5,5,11,6,2,1.443,2.18,731.38,16,38,23,4,0,1,0,1,3,0,1,1,1,5,0,2,0,2,3,3,2,2,2,1,1,0,0,1,0,0,3,4,0,1,1
492,706,10.8,2,1,3,106,657.5,8,6,1,1,1.368,1.91,621.3,15,44,14,10,1,1,0,0,2,1,1,0,0,0,0,1,0,1,1,2,2,0,1,0,1,0,0,0,0,2,4,1,0,1,0
493,2495,8.1,6,2,4,241,1442.5,7,18,6,1,1.257,3.2,1300.24,41,93,46,5,0,1,0,1,3,1,1,0,1,7,5,3,3,3,3,5,4,1,1,0,1,1,1,1,0,2,3,3,0,0,1
494,2448,11.2,5,1,4,213,1453.5,9,20,5,0,1.319,3.44,921.25,40,71,47,9,1,1,1,1,2,1,2,0,1,5,0,3,3,3,4,5,3,0,0,0,1,1,1,0,1,3,2,1,0,0,0
495,2417,16.5,5,1,4,244,1427.0,7,15,5,0,1.254,4.24,1313.07,51,87,47,14,0,1,1,1,3,3,1,0,1,8,0,2,2,2,3,3,1,1,1,0,1,1,1,1,1,0,2,4,0,0,0
496,1911,24.0,4,1,4,222,1239.5,6,12,4,0,1.225,2.78,976.26,36,87,47,12,1,1,0,1,3,1,2,1,1,8,0,2,2,2,2,4,1,1,0,0,1,0,0,0,0,0,2,4,0,0,0
497,2180,8.6,5,1,4,213,1294.5,8,14,5,0,1.249,3.78,993.01,44,74,39,10,1,1,1,0,1,0,1,1,1,5,5,2,1,2,2,4,2,1,1,0,1,1,1,0,1,0,5,5,0,0,0
498,2177,18.1,5,3,5,207,1247.5,7,16,5,0,1.246,2.44,821.9,38,83,37,5,0,1,0,1,1,2,1,0,1,5,0,3,2,3,3,6,3,1,1,0,1,1,1,1,0,0,4,2,0,0,0
499,943,8.2,3,1,3,108,823.5,10,10,2,1,1.491,2.75,791.44,19,20,20,7,1,1,0,1,3,2,0,0,1,6,0,1,0,1,2,2,2,0,0,1,1,1,1,1,1,3,4,5,0,1,0
500,1925,2.1,5,1,4,186,1034.0,9,12,4,1,1.247,3.23,951.68,44,69,26,9,0,1,0,1,1,3,0,0,1,7,0,2,0,2,2,3,2,0,0,0,1,1,1,1,0,0,6,2,0,0,1
